"507079183315787777","0","0","0","0","0","0","2"
"507081184518868992","0","0","0","0","0","0","2"
"507081576661147649","0","0","0","0","0","0","2"
"507082319115874304","1","1","0","0","1","0","2"
"507084124491104256","1","1","0","0","1","0","2"
"507084562548424704","0","0","0","0","0","0","2"
"507085203131867136","0","0","0","0","0","0","2"
"507087174336905216","1","1","0","0","1","0","2"
"507087791638188032","0","0","0","0","0","0","2"
"507093796145070080","1","0","1","1","0","0","2"
"507094060470128640","1","1","0","1","1","0","2"
"507097010034728960","1","0","1","0","0","1","2"
"507097118419341313","0","0","0","0","0","0","2"
"507099255232667648","1","0","1","0","0","1","2"
"507099982198222848","1","0","1","0","0","1","2"
"507101697702113280","1","1","0","0","1","0","2"
"507104623878877184","0","0","0","0","0","0","2"
"507105642675732480","1","0","1","1","0","1","2"
"507108108548595712","0","0","0","0","0","0","2"
"507108370990759936","1","0","1","1","0","1","2"
"507109378122866688","1","1","0","0","1","0","2"
"507110699777404928","0","0","0","0","0","0","2"
"507110946100510720","0","0","0","0","0","0","2"
"507111194977923072","1","0","1","0","0","1","2"
"507111522095861761","1","0","1","0","0","1","2"
"507113095890599936","0","0","0","0","0","0","2"
"507113379400777728","1","1","0","0","1","0","2"
"507115429593382912","1","0","1","0","0","1","2"
"507117413373329408","0","0","0","0","0","0","2"
"507118323449217024","0","0","0","0","0","0","2"
"507118640723136512","1","0","1","0","0","1","2"
"507120316230164480","1","1","0","0","1","0","2"
"507121681786081283","0","0","0","0","0","0","2"
"507123098408468482","1","0","1","1","0","0","2"
"507127517279686656","0","0","0","0","0","0","2"
"507130121736970240","0","0","0","0","0","0","2"
"507134430516117504","0","0","0","0","0","0","2"
"507140159675322368","1","0","1","0","0","1","2"
"507141188605194240","1","1","0","0","1","0","2"
"507141659881394176","0","0","0","0","0","0","2"
"507147812581425152","1","0","1","0","0","1","2"
"507148437972742145","1","0","1","0","0","1","2"
"507149152036589569","1","0","0","0","0","0","2"
"507150075907563520","1","1","1","0","1","1","2"
"507151913969008641","1","0","1","0","0","1","2"
"507158633441132544","1","0","1","0","0","1","2"
"507161011632472064","1","1","0","0","1","0","2"
"507162740738490368","0","0","0","0","0","0","2"
"507167056849285120","1","0","1","0","0","1","2"
"507172396689018880","0","0","0","0","0","0","2"
"507173378281598976","1","0","1","0","0","1","2"
"507179745935917056","1","0","0","0","0","0","2"
"507181214999261184","1","1","1","0","1","1","2"
"507187864564531202","0","0","0","0","0","0","2"
"507192608893177856","0","0","0","0","0","0","2"
"507194735283683328","1","0","1","0","0","1","2"
"507197077903126529","0","0","0","0","0","0","2"
"507199965740163072","1","1","0","0","1","0","2"
"507200922913890305","1","0","1","0","0","1","2"
"507203382864789504","0","0","0","0","0","0","2"
"507206873318453249","1","0","1","0","0","1","2"
"507211556468572160","0","0","0","0","0","0","2"
"507214493491798016","1","0","1","1","0","0","2"
"507215778509508609","1","0","1","0","0","1","2"
"507217552830132224","1","0","1","1","0","0","2"
"507219428304769024","1","1","0","0","1","0","2"
"507224002923073536","1","0","0","0","0","0","2"
"507226684668805120","1","0","1","0","0","1","2"
"507246037736906752","1","0","0","0","0","0","2"
"507249197658406913","1","0","1","1","0","1","2"
"507261036819648512","0","0","0","0","0","0","2"
"507267008581218304","0","0","0","0","0","0","2"
"507272005616676864","0","0","0","0","0","0","2"
"507277790325264384","1","0","1","0","0","1","2"
"507278737042583552","1","0","1","1","1","0","2"
"507280243171012608","1","0","1","0","0","1","2"
"507282993405501441","1","0","1","1","1","1","2"
"507286874785087488","0","0","0","0","0","0","2"
"507293465391427586","1","0","1","0","0","1","2"
"507302500240990208","1","0","1","0","0","1","2"
"507399150754078720","0","0","0","0","0","0","2"
"507414111857442816","1","1","0","0","1","0","2"
"507423129778401280","1","0","1","0","0","1","2"
"507428684798513152","0","0","0","0","0","0","2"
"507429982021627904","1","0","1","0","0","1","2"
"507432368903577600","0","0","0","0","0","0","2"
"507433042752061440","1","0","1","0","0","1","2"
"507434235133968384","0","0","0","0","0","0","2"
"507456695753539584","1","0","1","1","0","1","2"
"507459000602869760","1","0","1","0","0","1","2"
"507460719445819392","1","0","1","0","0","1","2"
"507465105609863169","0","0","0","0","0","0","2"
"507465365522497537","1","0","1","0","0","1","2"
"507470385341022208","1","1","0","0","1","0","2"
"507473637109428224","1","1","0","0","1","0","2"
"507508307750563840","0","0","0","0","0","0","2"
"507523916395728896","0","0","0","0","0","0","2"
"507524269451280385","0","0","0","0","0","0","2"
"507544683321360384","1","0","1","0","0","1","2"
"507548527703363585","1","0","0","0","0","0","2"
"507557837846118400","1","0","1","1","0","1","2"
"507563678435385344","1","0","0","0","0","0","2"
"507571692248387584","1","0","1","0","0","1","2"
"507584447315582976","1","0","1","0","0","1","2"
"507596243321626624","1","0","1","1","1","0","2"
"507779382317178880","0","0","0","0","0","0","2"
"507891842185437184","0","0","0","0","0","0","2"
"507980968305905665","1","0","1","0","0","1","2"
"508212639882027008","1","0","1","0","0","1","2"
"508219399439147009","1","0","1","0","0","1","2"
"508249829990871040","0","0","0","0","0","0","2"
"508318816699691008","1","0","1","0","0","1","2"
"508352925278941184","1","0","1","1","0","0","2"
"508518397307785216","1","0","1","0","0","1","2"
"508520936468123648","1","0","1","1","0","1","2"
"508547923731570688","1","0","1","0","0","1","2"
"508580999970951168","1","1","0","0","1","0","2"
"508660490235817984","1","0","0","0","0","0","2"
"508680349619335169","0","0","0","0","0","0","2"
"508877954567647233","1","1","0","0","1","0","2"
"508898591654809601","1","0","1","0","0","1","2"
"508899261027999744","0","0","0","0","0","0","2"
"508928452083580929","1","0","1","0","0","1","2"
"508934094567505920","1","0","1","0","0","1","2"
"508941302604382209","1","0","1","0","0","1","2"
"508955014522355712","1","0","1","0","0","1","2"
"508971441052983296","1","0","1","0","0","1","2"
"508973805008859136","1","1","0","0","1","0","2"
"509012920123281409","0","0","0","0","0","0","2"
"509034079564869632","1","0","1","0","0","1","2"
"509069095632117760","1","0","1","0","0","1","2"
"509253839548338176","0","0","0","0","0","0","2"
"509260656793890816","0","0","0","0","0","0","2"
"509275287046356992","1","0","1","0","0","1","2"
"509281743762124800","1","0","1","0","0","1","2"
"509310025048023040","1","0","1","1","1","0","2"
"509399912409489408","0","0","0","0","0","0","2"
"509406643843768320","1","0","1","0","0","1","2"
"509417143038119936","1","0","1","0","0","1","2"
"509422780547612672","1","0","1","0","0","1","2"
"509449441925812224","1","0","1","0","0","1","2"
"509453330457047040","1","0","1","0","0","1","2"
"509489836194299904","0","0","0","0","0","0","2"
"509588569904918528","1","0","1","0","0","1","2"
"509617873921527808","1","0","1","1","0","1","2"
"509639232453738499","0","0","0","0","0","0","2"
"509641358962065409","1","0","1","0","0","1","2"
"509677049490206720","1","0","0","0","0","0","2"
"509692482503061504","1","0","1","0","0","1","2"
"509716126352547841","1","0","1","0","0","1","2"
"509757263180214272","0","0","0","0","0","0","2"
"509787636291342336","1","1","0","0","1","0","2"
"509795226584887299","1","1","0","0","1","0","2"
"509851757695205376","1","1","0","0","1","0","2"
"509945391257640961","1","0","1","0","0","1","2"
"509951304308113408","0","0","0","0","0","0","2"
"509965878415589376","1","0","1","0","0","1","2"
"510029131976032257","1","0","1","0","0","1","2"
"510047264031924224","1","0","1","0","0","1","2"
"510064937167646721","0","0","0","0","0","0","2"
"510458478583119872","1","1","0","0","1","0","2"
"510684954276417536","1","0","1","0","0","1","2"
"510691356281696256","0","0","0","0","0","0","2"
"510785179892613120","1","1","0","0","1","0","2"
"510915849008742400","1","0","1","0","0","1","2"
"510924783832559616","1","0","1","0","0","1","2"
"510942777526730752","1","0","1","0","0","1","2"
"511038711455567872","0","0","0","0","0","0","2"
"511061947648053248","1","0","1","0","0","1","2"
"511087797525311488","0","0","0","0","0","0","2"
"511123976886951937","1","0","0","0","0","0","2"
"511205871746318337","1","0","1","1","0","1","2"
"511228393090973696","1","1","0","0","1","0","2"
"511248246191439875","1","0","0","0","0","0","2"
"511386370003468289","0","0","0","0","0","0","2"
"511387765553258496","1","0","1","1","0","0","2"
"511389589731553280","1","1","0","0","1","0","2"
"511412472797200384","0","0","0","0","0","0","2"
"511429936402673664","1","0","1","0","0","1","2"
"511430980880859136","0","0","0","0","0","0","2"
"511433134974709760","0","0","0","0","0","0","2"
"511438497811812352","1","0","0","0","0","0","2"
"511450763697328128","1","1","0","0","1","0","2"
"511455554683015168","0","0","0","0","0","0","2"
"511459183107919872","0","0","0","0","0","0","2"
"511463021005524992","1","1","0","0","1","0","2"
"511474611796844544","1","0","1","0","0","1","2"
"511478278839099392","1","0","1","0","0","1","2"
"511504443100393472","1","1","0","0","1","0","2"
"511519474605125633","1","0","1","1","1","1","2"
"511535549136400384","0","0","0","0","0","0","2"
"511547564324564992","1","0","1","1","1","0","2"
"511548771650777088","0","0","0","0","0","0","2"
"511551160583741441","0","0","0","0","0","0","2"
"511580139902091265","1","0","1","0","0","1","2"
"511586533514563584","1","1","0","1","1","1","2"
"511607533895942144","1","0","1","1","0","1","2"
"511611884509102080","0","0","0","0","0","0","2"
"511658751427108866","1","0","1","1","0","1","2"
"511793148394483712","0","0","0","0","0","0","2"
"511807598317019137","0","0","0","0","0","0","2"
"511814188663312385","0","0","0","0","0","0","2"
"511825237160128514","0","0","0","0","0","0","2"
"511831328485289985","1","0","1","1","1","0","2"
"511849287798767616","0","0","0","0","0","0","2"
"511883565764993024","1","0","1","0","0","1","2"
"511920646239301632","1","0","1","0","0","1","2"
"511931902484561920","1","0","1","0","0","1","2"
"511982803765178368","1","0","1","0","0","1","2"
"511990320083369984","1","0","1","0","0","1","2"
"512000113393549312","1","0","1","0","0","1","2"
"512015969133547520","0","0","0","0","0","0","2"
"512107122382102528","0","0","0","0","0","0","2"
"512130849744355328","0","0","0","0","0","0","2"
"512148490454331392","1","0","1","0","0","1","2"
"512169151021199360","1","0","1","0","0","1","2"
"512202809488736257","0","0","0","0","0","0","2"
"512214651871170561","1","0","1","0","0","1","2"
"512250326918131712","1","0","1","1","0","1","2"
"512274975672504322","0","0","0","0","0","0","2"
"512484397497741312","0","0","0","0","0","0","2"
"513392676939788288","1","1","0","0","1","0","2"
"513397423524552704","1","0","1","0","0","1","2"
"513595622511763456","0","0","0","0","0","0","2"
"513640341648338944","0","0","0","0","0","0","2"
"513672194900373504","1","1","0","0","1","0","2"
"513985603109535744","1","0","1","0","0","1","2"
"514098412820905984","1","0","1","1","0","0","2"
"514106854419750912","1","0","1","0","0","1","2"
"514149309026410496","0","0","0","0","0","0","2"
"514326655272488960","1","0","1","0","0","1","2"
"514785237386412032","1","0","1","1","0","1","2"
"514853792773574656","1","0","1","0","0","1","2"
"515103824772886528","1","0","1","0","0","1","2"
"515146369414463489","0","0","0","0","0","0","2"
"515447350362251264","1","0","1","0","0","1","2"
"515795373584318465","0","0","0","0","0","0","2"
"515843979544641537","0","0","0","0","0","0","2"
"515868821442154496","0","0","0","0","0","0","2"
"515873892653494272","0","0","0","0","0","0","2"
"515960109089165315","1","0","1","1","0","1","2"
"516197239773868033","0","0","0","0","0","0","2"
"516207894165868547","0","0","0","0","0","0","2"
"516242820672536577","0","0","0","0","0","0","2"
"516314405844561920","0","0","0","0","0","0","2"
"516470838422683648","1","0","1","0","0","1","2"
"516477513296379905","0","0","0","0","0","0","2"
"516527093405196290","1","0","1","1","0","0","2"
"516626805542125568","0","0","0","0","0","0","2"
"516827777128206337","1","1","0","0","1","0","2"
"517018972676689920","1","0","1","0","0","1","2"
"517071482162536448","0","0","0","0","0","0","2"
"517198957710434304","1","1","0","0","1","0","2"
"517226799903039488","1","1","1","0","1","1","2"
"517260967533883392","0","0","0","0","0","0","2"
"517317763363119104","1","1","0","0","1","0","2"
"517345831406424064","0","0","0","0","0","0","2"
"517352263179071488","0","0","0","0","0","0","2"
"517701903699165184","0","0","0","0","0","0","2"
"517714090085478400","0","0","0","0","0","0","2"
"517899525168840704","1","0","1","1","0","1","2"
"517975570429526017","0","0","0","0","0","0","2"
"517999315718275072","1","0","1","0","0","1","2"
"518071417980874752","1","0","1","0","0","1","2"
"518096220771086338","1","0","0","0","0","0","2"
"518115817364656129","1","0","1","0","0","1","2"
"518211220558852096","1","0","1","0","0","1","2"
"518414596928200706","1","0","1","0","0","1","2"
"518479438871547904","1","1","0","0","1","0","2"
"518673171898441728","1","0","1","0","0","1","2"
"518706922158292992","0","0","0","0","0","0","2"
"518717397159923712","0","0","0","0","0","0","2"
"518771444353073153","0","0","0","0","0","0","2"
"518794079707332608","0","0","0","0","0","0","2"
"519007694129479680","0","0","0","0","0","0","2"
"519045121963466753","0","0","0","0","0","0","2"
"519112988432023553","0","0","0","0","0","0","2"
"519146246096031744","1","0","1","0","0","1","2"
"519411037058392064","0","0","0","0","0","0","2"
"519458604131557377","0","0","0","0","0","0","2"
"519543883554779137","1","0","1","0","0","1","2"
"519555488196071424","1","0","1","1","0","0","2"
"519652758467510272","0","0","0","0","0","0","2"
"519749989442912256","0","0","0","0","0","0","2"
"519775581379239936","1","1","0","0","1","0","2"
"519784255573200896","0","0","0","0","0","0","2"
"519796093081903104","0","0","0","0","0","0","2"
"519825692079710209","0","0","0","0","0","0","2"
"519871437146832896","1","0","1","0","0","1","2"
"519935458185207808","0","0","0","0","0","0","2"
"520073923707564032","1","0","1","0","0","1","2"
"520155706096623616","1","1","0","0","1","0","2"
"520167107389321216","1","0","1","0","0","1","2"
"520174678686846976","1","1","0","0","1","0","2"
"520179286834429952","1","0","1","0","0","1","2"
"520190484753690625","1","0","1","1","1","0","2"
"520198720399626240","0","0","0","0","0","0","2"
"520251079431569408","0","0","0","0","0","0","2"
"520257265665077248","1","0","1","0","0","1","2"
"520306222558638081","1","0","1","0","0","1","2"
"520321902116491264","0","0","0","0","0","0","2"
"520468141999411201","1","0","1","0","0","1","2"
"520470140102918144","1","0","1","0","0","1","2"
"520478837160022016","1","0","1","1","1","0","2"
"520488809398824960","0","0","0","0","0","0","2"
"520493209894789120","1","0","1","0","0","1","2"
"520495682411855872","1","0","1","0","0","1","2"
"520504313379319808","1","1","1","0","1","1","2"
"520507234699452416","1","1","0","0","1","0","2"
"520524107205853184","0","0","0","0","0","0","2"
"520533595740712960","1","0","0","0","0","0","2"
"520535489439612928","0","0","0","0","0","0","2"
"520548725513805824","1","1","0","0","1","0","2"
"520560383665651712","1","0","1","0","0","1","2"
"520585550575575041","1","0","1","0","0","1","2"
"520592580539875328","1","1","0","0","1","0","2"
"520631038171971584","0","0","0","0","0","0","2"
"520673602904285184","1","0","1","1","0","0","2"
"520692267997495296","1","0","1","0","0","1","2"
"520977524160208896","0","0","0","0","0","0","2"
"521003181867008000","0","0","0","0","0","0","2"
"521201949446656000","1","0","1","0","0","1","2"
"521224155518468100","1","0","1","0","0","1","2"
"521353509011480576","1","0","1","0","0","1","2"
"521410809097093121","0","0","0","0","0","0","2"
"521583395726712832","1","0","1","1","0","0","2"
"521603372441665536","0","0","0","0","0","0","2"
"521644410921299968","1","1","0","0","1","0","2"
"521907035735343104","0","0","0","0","0","0","2"
"521936017704878080","0","0","0","0","0","0","2"
"521936414037262336","1","0","1","0","0","1","2"
"521939215362555904","0","0","0","0","0","0","2"
"521939822399987712","0","0","0","0","0","0","2"
"521940358746628096","1","1","0","0","1","0","2"
"522123502531252224","0","0","0","0","0","0","2"
"522315479202140160","1","0","1","0","0","1","2"
"522440541959897088","0","0","0","0","0","0","2"
"522477152449880064","1","0","1","0","0","1","2"
"522606037157679106","1","0","1","0","0","1","2"
"522714682189422593","1","0","1","1","1","0","2"
"522752333235896320","1","1","0","0","1","0","2"
"522775509663375360","1","0","1","0","0","1","2"
"522809068470018048","0","0","0","0","0","0","2"
"522836175070171136","1","1","0","0","1","0","2"
"522925339929239553","0","0","0","0","0","0","2"
"522997345542479872","1","0","1","0","0","1","2"
"523067112806678528","1","0","1","0","0","1","2"
"523094660185473026","0","0","0","0","0","0","2"
"523108841924624384","0","0","0","0","0","0","2"
"523230624627572738","1","0","1","0","0","1","2"
"523325165812600833","1","0","1","1","0","1","2"
"523431206319587328","1","1","0","0","1","0","2"
"523443551955591168","1","0","1","0","0","1","2"
"523449615140790272","1","0","1","0","0","1","2"
"523486222883106817","1","1","0","0","1","0","2"
"523534295835869184","0","0","0","0","0","0","2"
"523539437863849985","1","0","1","0","0","1","2"
"523579579026636800","1","1","0","0","1","0","2"
"523848881285898240","0","0","0","0","0","0","2"
"524127850233102336","1","0","1","0","0","1","2"
"524248683030642688","0","0","0","0","0","0","2"
"524427762204180480","1","0","1","0","0","1","2"
"524472622340665345","0","0","0","0","0","0","2"
"524479239895396352","0","0","0","0","0","0","2"
"524490128107274240","1","1","0","0","1","0","2"
"524495629176045568","0","0","0","0","0","0","2"
"524498582775533568","0","0","0","0","0","0","2"
"524507222584619008","0","0","0","0","0","0","2"
"524508977988915200","0","0","0","0","0","0","2"
"524582519409094656","0","0","0","0","0","0","2"
"524639370717175808","0","0","0","0","0","0","2"
"524661958080229376","1","0","1","0","0","1","2"
"524678722947788801","1","1","0","0","1","0","2"
"524829697876959233","1","0","1","0","0","1","2"
"524877437101178881","0","0","0","0","0","0","2"
"524905329138892800","1","0","1","1","0","0","2"
"524924639655788544","1","0","1","0","0","1","2"
"525205252686237696","1","1","0","0","1","0","2"
"525218031723872256","1","0","1","0","0","1","2"
"525318879879630848","0","0","0","0","0","0","2"
"525521759794384896","1","0","1","0","0","1","2"
"525603015357894656","1","0","1","1","0","0","2"
"525623350362914817","0","0","0","0","0","0","2"
"525647506320154624","0","0","0","0","0","0","2"
"525694055934885889","1","0","1","1","0","0","2"
"525753504905052163","1","1","0","0","1","0","2"
"525934047646986240","1","1","0","0","1","0","2"
"525943031934234624","1","0","1","0","0","1","2"
"526022754337050624","0","0","0","0","0","0","2"
"526061197754638336","0","0","0","0","0","0","2"
"526638653687095296","0","0","0","0","0","0","2"
"526695794809004032","0","0","0","0","0","0","2"
"526787435783815168","0","0","0","0","0","0","2"
"526825451998937088","1","0","1","0","0","1","2"
"526846811076452352","0","0","0","0","0","0","2"
"527030214254399489","0","0","0","0","0","0","2"
"527154884769251328","0","0","0","0","0","0","2"
"527358136001126400","0","0","0","0","0","0","2"
"527383853795917824","1","0","1","0","0","1","2"
"527408508216803328","1","1","0","0","1","0","2"
"527467593809289216","0","0","0","0","0","0","2"
"527468239354626048","0","0","0","0","0","0","2"
"527497255088312320","0","0","0","0","0","0","2"
"527553102376075264","1","0","1","0","0","1","2"
"527743299369861120","1","1","0","0","1","0","2"
"527765791148494849","0","0","0","0","0","0","2"
"527802767830573057","0","0","0","0","0","0","2"
"527951095491215360","1","0","1","0","0","1","2"
"528133175831048192","0","0","0","0","0","0","2"
"528169324716883968","0","0","0","0","0","0","2"
"528221907544707072","1","0","1","0","0","1","2"
"528329829314068480","0","0","0","0","0","0","2"
"528586377613824000","1","0","1","1","0","1","2"
"528608161746255873","0","0","0","0","0","0","2"
"528831304444284930","0","0","0","0","0","0","2"
"528836772344889345","1","0","1","1","0","1","2"
"528928424593997824","1","0","0","0","0","0","2"
"528971489102426112","0","0","0","0","0","0","2"
"529187087715942401","0","0","0","0","0","0","2"
"529223961792745472","1","0","1","1","0","0","2"
"529338009871986690","1","1","0","0","1","0","2"
"529353404976730112","1","1","0","0","1","0","2"
"529357191988641793","1","0","1","1","1","0","2"
"529377294763454464","1","1","0","0","1","0","2"
"529554671883792387","1","0","1","0","0","1","2"
"529562367366295552","1","0","1","0","0","1","2"
"529579353177620480","1","0","1","0","0","1","2"
"529664076503580672","0","0","0","0","0","0","2"
"529682503905591299","0","0","0","0","0","0","2"
"529692989845958656","0","0","0","0","0","0","2"
"529713069149421568","0","0","0","0","0","0","2"
"529903031949602817","0","0","0","0","0","0","2"
"529917774660136960","1","0","1","0","0","1","2"
"529939740355616768","0","0","0","0","0","0","2"
"529959161535414272","1","0","1","0","0","1","2"
"529972349404467201","1","1","0","0","1","0","2"
"530013674040467456","0","0","0","0","0","0","2"
"530022021917589505","0","0","0","0","0","0","2"
"530031193224646656","0","0","0","0","0","0","2"
"530061178093850626","0","0","0","0","0","0","2"
"530101646966390784","1","0","1","0","0","1","2"
"530263236407738368","0","0","0","0","0","0","2"
"530468730091085825","1","0","1","0","0","1","2"
"530497480371482624","1","1","0","0","1","0","2"
"530627213222109184","0","0","0","0","0","0","2"
"530667781076049921","0","0","0","0","0","0","2"
"530745578150309889","0","0","0","0","0","0","2"
"530754960997486592","0","0","0","0","0","0","2"
"530772381300969472","0","0","0","0","0","0","2"
"530811489264091136","1","0","1","1","0","0","2"
"530822365538959362","0","0","0","0","0","0","2"
"530851140301508608","0","0","0","0","0","0","2"
"531026381862608897","1","1","0","0","1","0","2"
"531032571002368001","0","0","0","0","0","0","2"
"531047760792154112","0","0","0","0","0","0","2"
"531052500796051457","0","0","0","0","0","0","2"
"531076536112533505","1","0","1","0","0","1","2"
"531086386200580097","1","0","1","0","0","1","2"
"531126259901014016","1","0","1","0","0","1","2"
"531141154306543617","0","0","0","0","0","0","2"
"531489256871854080","0","0","0","0","0","0","2"
"531502545857183744","0","0","0","0","0","0","2"
"531750620957798401","1","1","0","0","1","0","2"
"531752278152462336","1","1","0","1","1","0","2"
"531759337580920833","0","0","0","0","0","0","2"
"531765030703104001","1","0","1","0","0","1","2"
"531781195206365184","1","0","1","0","0","1","2"
"531788375066705921","1","1","0","0","1","0","2"
"531816525037322240","1","0","1","0","0","1","2"
"531840711965278208","1","0","1","1","0","0","2"
"531857828055908353","0","0","0","0","0","0","2"
"531886357510373377","1","0","1","0","0","1","2"
"531907506071928832","0","0","0","0","0","0","2"
"531915081442136065","1","1","0","0","1","0","2"
"531923540606726144","0","0","0","0","0","0","2"
"531943014193987584","0","0","0","0","0","0","2"
"532080086686904320","1","0","1","0","0","1","2"
"532091546888568832","1","1","0","0","1","0","2"
"532105032691224576","1","0","1","1","0","0","2"
"532112581293793280","0","0","0","0","0","0","2"
"532120804826161152","0","0","0","0","0","0","2"
"532130126688161792","1","0","1","0","0","1","2"
"532141692410142720","1","0","1","0","0","1","2"
"532157258218897409","0","0","0","0","0","0","2"
"532173351716786177","0","0","0","0","0","0","2"
"532189571950592000","0","0","0","0","0","0","2"
"532213733477470208","0","0","0","0","0","0","2"
"532231368135036929","0","0","0","0","0","0","2"
"532243952825810945","1","0","1","0","0","1","2"
"532252593524056064","1","0","1","1","0","0","2"
"507074506880712705","0","0","0","0","0","0","2"
"507077511902425088","1","0","1","0","0","1","2"
"507081594923122688","0","0","0","0","0","0","2"
"507081959617867776","1","0","1","1","0","1","2"
"507082373750861824","1","0","0","0","0","0","2"
"507083585115787264","1","0","1","1","1","0","2"
"507084285140938752","0","0","0","0","0","0","2"
"507084997728415744","0","0","0","0","0","0","2"
"507088717572767744","0","0","0","0","0","0","2"
"507089241382588416","0","0","0","0","0","0","2"
"507096690516434944","1","0","0","0","0","0","2"
"507097054628577280","1","0","1","1","0","0","2"
"507097476101603330","0","0","0","0","0","0","2"
"507097899298484224","1","0","1","0","0","1","2"
"507098823924006912","1","1","0","1","1","0","2"
"507100591957737473","1","0","1","0","0","1","2"
"507105182707380224","1","1","0","0","1","0","2"
"507105418347560961","1","0","1","0","0","1","2"
"507106704388263936","1","0","1","0","0","1","2"
"507107415930961920","1","0","1","0","0","1","2"
"507108414963847168","1","0","0","0","0","0","2"
"507110299388755968","1","0","1","1","1","0","2"
"507114525603401728","1","0","0","0","0","0","2"
"507123148438122496","1","0","1","0","0","1","2"
"507123755353903104","1","1","0","0","1","0","2"
"507124361145630721","1","0","1","0","0","1","2"
"507126665978576896","1","1","0","0","1","0","2"
"507127573735030784","0","0","0","0","0","0","2"
"507129123157082112","1","1","0","0","1","0","2"
"507130777046618112","0","0","0","0","0","0","2"
"507140736987725824","1","0","1","0","0","1","2"
"507144192502796289","1","0","1","1","0","0","2"
"507147767173877760","0","0","0","0","0","0","2"
"507156455024492544","1","0","0","0","0","0","2"
"507157369395355648","1","1","0","0","1","0","2"
"507158284214996992","1","0","1","0","0","1","2"
"507161234320683010","1","1","0","1","0","1","2"
"507163384673210368","0","0","0","0","0","0","2"
"507166226964283392","0","0","0","0","0","0","2"
"507167166576488449","1","0","1","0","0","1","2"
"507171246673756160","0","0","0","0","0","0","2"
"507172511646511104","1","0","1","0","0","1","2"
"507172648175292417","1","0","1","0","0","1","2"
"507173881665163265","1","0","1","0","0","1","2"
"507174022673465344","1","0","1","0","0","1","2"
"507182596674318338","1","0","1","0","0","1","2"
"507183306832875520","0","0","0","0","0","0","2"
"507187974703161344","0","0","0","0","0","0","2"
"507192001125949440","0","0","0","0","0","0","2"
"507196056275521536","1","0","0","0","0","0","2"
"507198537466384384","1","0","1","0","0","1","2"
"507200663282278401","1","1","0","0","1","0","2"
"507202526442434560","1","0","1","1","1","0","2"
"507205058266923008","1","0","0","0","0","0","2"
"507212540221607938","1","0","1","0","0","1","2"
"507215434509467648","1","0","1","1","0","0","2"
"507215788378693632","1","0","1","1","1","0","2"
"507233986843009024","0","0","0","0","0","0","2"
"507237095141015553","1","0","1","0","0","1","2"
"507237873137876992","1","0","1","0","0","1","2"
"507242660655271937","1","0","0","0","0","0","2"
"507243171974500353","1","0","1","0","0","1","2"
"507245478182789120","1","0","1","0","0","1","2"
"507260538087559168","1","1","0","0","1","0","2"
"507261136581197824","0","0","0","0","0","0","2"
"507262635612864512","1","0","1","1","0","0","2"
"507268211348615168","1","0","1","1","0","0","2"
"507276514434756608","1","0","1","1","1","0","2"
"507278191648849920","0","0","0","0","0","0","2"
"507303949138145280","1","1","0","0","1","0","2"
"507430754494992384","1","0","1","0","0","1","2"
"507432482409422849","0","0","0","0","0","0","2"
"507436761446744064","1","0","1","0","0","1","2"
"507440501768085504","0","0","0","0","0","0","2"
"507441805844307968","0","0","0","0","0","0","2"
"507453518937325568","1","0","1","1","1","0","2"
"507457889825726464","1","0","1","1","0","0","2"
"507460107492655104","1","0","1","0","0","1","2"
"507465214728880128","1","0","0","0","0","0","2"
"507466195940179968","0","0","0","0","0","0","2"
"507467719504318465","0","0","0","0","0","0","2"
"507470710076633089","1","1","0","0","1","0","2"
"507472676706091009","1","0","1","0","0","1","2"
"507482507240292352","1","0","0","0","0","0","2"
"507487907469602817","1","0","1","1","0","0","2"
"507488933069205504","1","1","0","0","1","0","2"
"507496787288928256","1","0","1","0","0","1","2"
"507507242120527873","1","0","1","1","1","1","2"
"507522924866453505","0","0","0","0","0","0","2"
"507523379424141312","1","1","0","0","1","0","2"
"507532181049065472","0","0","0","0","0","0","2"
"507540198037532674","1","0","1","1","1","0","2"
"507560528823484416","1","0","1","0","0","1","2"
"507584009623175170","1","0","1","0","0","1","2"
"507584838417661952","1","0","1","0","0","1","2"
"507586716341776384","0","0","0","0","0","0","2"
"507594428018462721","1","0","0","0","0","0","2"
"507597910658121728","1","0","1","0","0","1","2"
"507608195750035456","1","0","1","0","0","1","2"
"507613710513217536","1","0","1","1","0","1","2"
"507615802141331458","1","0","1","0","0","1","2"
"507624359410679808","1","0","1","1","1","0","2"
"507639589381472256","0","0","0","0","0","0","2"
"507802782254899200","1","0","1","0","0","1","2"
"507833706930008064","0","0","0","0","0","0","2"
"507859026986938368","0","0","0","0","0","0","2"
"507861224684797952","1","0","0","0","0","0","2"
"507903305931296768","0","0","0","0","0","0","2"
"507916521277239297","1","0","1","0","0","1","2"
"507937426246225920","1","1","0","0","1","0","2"
"507982750578929664","1","0","0","0","0","0","2"
"507985651518955520","1","0","1","0","0","1","2"
"508135510460870656","0","0","0","0","0","0","2"
"508210489177165825","1","1","0","0","1","0","2"
"508242927395418112","0","0","0","0","0","0","2"
"508262547792101377","1","0","1","1","0","0","2"
"508270825011945472","1","0","1","0","0","1","2"
"508316039940427776","1","1","1","0","1","1","2"
"508501775729434624","1","0","1","0","0","1","2"
"508532509597261824","0","0","0","0","0","0","2"
"508581601438355457","1","1","0","0","1","0","2"
"508622443792310273","1","0","1","0","0","1","2"
"508646678795399168","1","0","1","0","0","1","2"
"508674943849361408","0","0","0","0","0","0","2"
"508680831624552449","1","0","1","0","0","1","2"
"508894165779107841","1","1","0","0","1","0","2"
"508914244033601536","1","0","1","0","0","1","2"
"508916131688902656","1","0","1","1","1","0","2"
"508937676658323456","0","0","0","0","0","0","2"
"508960668071243776","1","0","1","0","0","1","2"
"508964521588043776","1","0","1","1","1","1","2"
"508969522054045696","1","0","1","0","0","1","2"
"508971494538752000","1","0","1","0","0","1","2"
"508982089094819840","1","1","0","0","1","0","2"
"508983882214309889","1","0","0","0","0","0","2"
"509029445605539840","1","0","1","1","0","0","2"
"509035470127628288","1","1","0","0","1","0","2"
"509053030927724544","1","0","1","0","0","1","2"
"509092095169409024","0","0","0","0","0","0","2"
"509222242878631936","1","0","0","0","0","0","2"
"509233796286537728","1","0","1","1","0","1","2"
"509298689396178944","1","0","1","0","0","1","2"
"509343363016183808","1","0","1","0","0","1","2"
"509402909121855488","0","0","0","0","0","0","2"
"509417385091428352","1","0","1","0","0","1","2"
"509626510622195712","1","0","1","1","1","0","2"
"509642508977319936","1","0","0","0","0","0","2"
"509662869118787584","1","0","0","0","0","0","2"
"509687136262422528","1","0","1","0","0","1","2"
"509754382901346305","1","0","1","0","0","1","2"
"509787676610789376","1","0","1","0","0","1","2"
"509997219496615936","1","0","0","0","0","0","2"
"510062151810039808","0","0","0","0","0","0","2"
"510070641543098368","1","0","1","0","0","1","2"
"510106216895610880","0","0","0","0","0","0","2"
"510182040118247424","0","0","0","0","0","0","2"
"510365410064359424","1","1","0","0","1","0","2"
"510488878533586944","1","0","1","0","0","1","2"
"510583544977317888","1","0","1","0","0","1","2"
"510699088770514944","1","0","1","1","0","1","2"
"510713685988638720","1","0","1","0","0","1","2"
"510844695279177728","0","0","0","0","0","0","2"
"510903612193918977","0","0","0","0","0","0","2"
"510915917593997312","0","0","0","0","0","0","2"
"511002499688300544","1","0","1","0","0","1","2"
"511187251402113024","1","1","0","0","1","0","2"
"511200885020835840","1","0","0","0","0","0","2"
"511248377041125376","1","0","0","0","0","0","2"
"511259173695520770","1","0","1","0","0","1","2"
"511405844651855872","0","0","0","0","0","0","2"
"511410428807622656","0","0","0","0","0","0","2"
"511420546966249473","0","0","0","0","0","0","2"
"511431185847685121","0","0","0","0","0","0","2"
"511431905229963265","1","0","1","0","0","1","2"
"511432966174941184","1","0","1","0","0","1","2"
"511433554979340288","1","0","1","0","0","1","2"
"511442080598851584","1","0","1","0","0","1","2"
"511445740090949632","0","0","0","0","0","0","2"
"511452858097876992","1","0","0","0","0","0","2"
"511458228216274944","1","0","1","0","0","1","2"
"511464051575361536","0","0","0","0","0","0","2"
"511470136008916992","1","0","1","1","0","1","2"
"511471529247657985","1","0","1","0","0","1","2"
"511472298852106240","0","0","0","0","0","0","2"
"511481023558066176","1","0","0","0","0","0","2"
"511484945521725440","1","0","1","0","0","1","2"
"511500777458634753","0","0","0","0","0","0","2"
"511537877050986497","1","0","1","1","0","1","2"
"511540315053096960","0","0","0","0","0","0","2"
"511549570506309632","1","0","0","0","0","0","2"
"511562102306525184","1","0","1","0","0","1","2"
"511570767986057216","1","1","0","0","1","0","2"
"511585587392819200","1","1","0","0","1","0","2"
"511606803227238400","1","0","1","1","1","0","2"
"511608446966595585","1","0","1","1","1","0","2"
"511619324604583936","1","0","1","1","0","0","2"
"511646293987692544","0","0","0","0","0","0","2"
"511693277079539712","0","0","0","0","0","0","2"
"511755315558498304","0","0","0","0","0","0","2"
"511810690819293185","1","0","1","1","0","0","2"
"511825838061285376","1","0","1","0","0","1","2"
"511833663130984448","0","0","0","0","0","0","2"
"511933684828889088","0","0","0","0","0","0","2"
"511936022532587520","0","0","0","0","0","0","2"
"511945338262151168","1","0","1","1","1","0","2"
"511964449889325058","1","0","1","0","0","1","2"
"511981664843882496","1","0","1","0","0","1","2"
"511999223114772480","1","0","1","0","0","1","2"
"512133840174080000","1","0","0","0","0","0","2"
"512173408189440000","1","1","0","0","1","0","2"
"512200375471190016","0","0","0","0","0","0","2"
"512212436372688896","1","0","1","0","0","1","2"
"512217755240898561","1","0","1","0","0","1","2"
"512231273687814147","1","0","1","0","0","1","2"
"512261915742334976","0","0","0","0","0","0","2"
"512278908192845824","0","0","0","0","0","0","2"
"512303939770134528","1","0","1","0","0","1","2"
"512336572365422593","1","0","1","0","0","1","2"
"512520234172166144","1","0","1","0","0","1","2"
"512539544475156480","1","0","1","0","0","1","2"
"512914940722937856","0","0","0","0","0","0","2"
"512955775946207232","1","0","1","0","0","1","2"
"512988666416103426","1","0","1","1","0","1","2"
"513000529413562368","1","0","1","0","0","1","2"
"513063803551223808","0","0","0","0","0","0","2"
"513211275506368512","1","0","1","0","0","1","2"
"513248005714350080","1","0","1","0","0","1","2"
"513326425198559232","1","0","1","0","0","1","2"
"513358669661351937","0","0","0","0","0","0","2"
"513364282357350400","1","0","1","1","1","0","2"
"513385641074110464","0","0","0","0","0","0","2"
"513392997359419392","0","0","0","0","0","0","2"
"513586420616036353","1","0","1","0","0","1","2"
"513602359323533312","1","0","1","0","0","1","2"
"513747778762448896","1","0","0","0","0","0","2"
"513981771847700481","1","0","1","0","0","1","2"
"514070712332869632","0","0","0","0","0","0","2"
"514152658261643265","1","0","1","0","0","1","2"
"514323976764784640","0","0","0","0","0","0","2"
"514375145491005440","0","0","0","0","0","0","2"
"514503782609469440","1","1","0","0","1","0","2"
"514679722727731200","1","0","1","0","0","1","2"
"514767541512974336","1","0","1","1","1","0","2"
"514832121848811520","1","0","1","0","0","1","2"
"515080937458376704","1","1","0","0","1","0","2"
"515157019280830465","0","0","0","0","0","0","2"
"515376307363139584","1","0","1","1","1","0","2"
"515461389780283392","1","0","1","1","1","1","2"
"515604257828265984","0","0","0","0","0","0","2"
"515747851646017538","1","0","1","0","0","1","2"
"516244024043536384","1","1","0","0","1","0","2"
"516525735293771776","1","0","0","0","0","0","2"
"516567266859974656","1","0","1","0","0","1","2"
"516599488522510336","0","0","0","0","0","0","2"
"516622024027160576","1","0","0","0","0","0","2"
"516693515544588288","1","0","1","1","1","0","2"
"516895315539279872","0","0","0","0","0","0","2"
"516978593709436928","1","0","1","0","0","1","2"
"516993780785115137","1","0","1","1","1","1","2"
"517202365867626496","1","0","1","0","0","1","2"
"517346478558568448","1","0","0","0","0","0","2"
"517377156390080512","1","0","0","0","0","0","2"
"517710349005778945","1","0","0","0","0","0","2"
"517722554598182912","1","0","1","0","0","1","2"
"517790780875112448","1","0","1","1","1","1","2"
"517955046823440384","0","0","0","0","0","0","2"
"517984235869974528","0","0","0","0","0","0","2"
"517993714518863872","0","0","0","0","0","0","2"
"518021094717272064","0","0","0","0","0","0","2"
"518080208964833282","1","0","1","0","0","1","2"
"518340174515032064","1","0","1","0","0","1","2"
"518351148466851840","0","0","0","0","0","0","2"
"518469769125953536","0","0","0","0","0","0","2"
"518472595361267712","1","1","0","0","1","0","2"
"518655691142488064","1","0","1","0","0","1","2"
"518689941749248000","1","0","0","0","0","0","2"
"518806472671899648","1","0","1","1","1","0","2"
"518816626079064065","1","1","0","0","1","0","2"
"518822145930301441","1","1","0","0","1","0","2"
"519014493062696961","1","0","1","0","0","1","2"
"519036935411863552","1","0","0","0","0","0","2"
"519101585780396033","1","0","1","1","0","0","2"
"519182824004661248","1","1","0","0","1","0","2"
"519198472336343040","0","0","0","0","0","0","2"
"519386717540065280","0","0","0","0","0","0","2"
"519432309125423104","1","0","0","0","0","0","2"
"519452245981925376","0","0","0","0","0","0","2"
"519460245543092224","1","0","1","0","0","1","2"
"519469626347225088","1","0","1","0","0","1","2"
"519493265331339264","1","1","1","0","1","1","2"
"519502351112339456","1","0","1","0","0","1","2"
"519507790919110656","0","0","0","0","0","0","2"
"519511150191722497","1","0","0","0","0","0","2"
"519557543991848960","1","0","1","1","1","0","2"
"519574166664511491","0","0","0","0","0","0","2"
"519799865615069184","1","1","0","0","1","0","2"
"519829502000889856","1","0","1","0","0","1","2"
"519873591039766528","1","1","0","0","1","0","2"
"519878511805599744","0","0","0","0","0","0","2"
"519886710302597120","1","0","0","0","0","0","2"
"519888456810782720","1","0","1","0","0","1","2"
"519905460439486465","1","0","1","0","0","1","2"
"520019609727270912","1","1","0","0","1","0","2"
"520132319320211458","1","1","0","0","1","0","2"
"520134088284733440","1","0","0","0","0","0","2"
"520136077600751616","0","0","0","0","0","0","2"
"520154267207098368","0","0","0","0","0","0","2"
"520177650904891392","0","0","0","0","0","0","2"
"520193344233037824","1","1","0","0","1","0","2"
"520219093027532801","1","0","1","0","0","1","2"
"520235677666279426","1","0","1","0","0","1","2"
"520258976693641216","1","1","0","0","1","0","2"
"520282533830078464","1","0","1","0","0","1","2"
"520467718282031104","0","0","0","0","0","0","2"
"520468899830435841","0","0","0","0","0","0","2"
"520483626207961088","1","0","1","0","0","1","2"
"520488923047686144","1","0","1","0","0","1","2"
"520493459497816064","1","0","1","0","0","1","2"
"520500586513711104","1","0","0","0","0","0","2"
"520504066007654400","1","0","1","0","0","1","2"
"520516783032532992","0","0","0","0","0","0","2"
"520531057355927553","1","0","1","0","0","1","2"
"520535770525097987","1","0","1","0","0","1","2"
"520552072174125056","0","0","0","0","0","0","2"
"520562050658226176","1","0","1","0","0","1","2"
"520563070092181504","1","0","1","0","0","1","2"
"520572717826076672","0","0","0","0","0","0","2"
"520594162090278912","1","0","1","0","0","1","2"
"520637746847961088","0","0","0","0","0","0","2"
"520849348100628480","1","0","1","0","0","1","2"
"520853126375821312","1","0","1","1","1","0","2"
"520865587120312320","1","0","1","0","0","1","2"
"520876217306988544","0","0","0","0","0","0","2"
"520898668829106176","1","0","1","0","0","1","2"
"520986371436343296","1","1","0","0","1","0","2"
"521210088867233792","0","0","0","0","0","0","2"
"521224663159308288","1","0","1","0","0","1","2"
"521261371619434496","1","0","1","0","0","1","2"
"521590907754127360","0","0","0","0","0","0","2"
"521612052084051968","0","0","0","0","0","0","2"
"521615508022788097","0","0","0","0","0","0","2"
"521640418765963264","1","0","1","0","0","1","2"
"521669443097608193","0","0","0","0","0","0","2"
"521697751461937152","0","0","0","0","0","0","2"
"521726884376088576","0","0","0","0","0","0","2"
"521904518968000512","0","0","0","0","0","0","2"
"521928780068454400","0","0","0","0","0","0","2"
"521931406298316800","0","0","0","0","0","0","2"
"521932296262529024","0","0","0","0","0","0","2"
"521936270772416513","1","0","0","0","0","0","2"
"521958475090649088","1","1","0","0","1","0","2"
"522103930738966528","1","1","1","0","1","1","2"
"522402884357734400","0","0","0","0","0","0","2"
"522440001599336448","0","0","0","0","0","0","2"
"522662770949758976","1","0","0","0","0","0","2"
"522672642684616704","0","0","0","0","0","0","2"
"522678456333910016","1","0","1","0","0","1","2"
"522681629819809792","0","0","0","0","0","0","2"
"522713658569527296","1","0","1","1","0","1","2"
"522771860782874624","0","0","0","0","0","0","2"
"522793936897982464","1","0","1","0","0","1","2"
"522814968736268288","1","0","1","0","0","1","2"
"523042308640759808","0","0","0","0","0","0","2"
"523048865600393216","1","0","1","0","0","1","2"
"523143416658800640","1","0","1","1","0","1","2"
"523164097832316928","0","0","0","0","0","0","2"
"523375561289519105","1","0","1","1","0","0","2"
"523391083842379776","1","0","0","0","0","0","2"
"523402910789804033","0","0","0","0","0","0","2"
"523412726505537536","1","0","1","0","0","1","2"
"523518706656485376","1","0","1","1","1","0","2"
"523543351938007040","1","0","1","0","0","1","2"
"523734842794467328","0","0","0","0","0","0","2"
"523779839367847936","0","0","0","0","0","0","2"
"523858419799695360","1","0","1","0","0","1","2"
"523887070323154944","0","0","0","0","0","0","2"
"523898201154539520","1","0","1","1","1","0","2"
"524101908118523904","1","0","0","0","0","0","2"
"524254504506900481","1","0","1","0","0","1","2"
"524273141372432384","0","0","0","0","0","0","2"
"524290784317931521","1","0","1","1","1","0","2"
"524479808076808192","1","1","0","0","1","0","2"
"524495664227831808","1","1","0","0","1","0","2"
"524592382625742848","1","1","1","0","1","1","2"
"524632634476216320","1","0","1","0","0","1","2"
"524819284942684161","1","0","0","0","0","0","2"
"524822951732842496","0","0","0","0","0","0","2"
"524946628411916289","1","0","1","0","0","1","2"
"525188106899562496","0","0","0","0","0","0","2"
"525223375955038208","0","0","0","0","0","0","2"
"525254975640072192","1","1","0","0","1","0","2"
"525288958549573632","1","0","1","0","0","1","2"
"525369032925806592","1","0","1","1","1","0","2"
"525394194660347904","0","0","0","0","0","0","2"
"525568120820604928","1","0","0","0","0","0","2"
"525648750140985344","0","0","0","0","0","0","2"
"525680941554212864","1","0","1","0","0","1","2"
"525714024542253056","1","1","0","0","1","0","2"
"525753776050024449","0","0","0","0","0","0","2"
"525918595541266432","0","0","0","0","0","0","2"
"526360828371816450","1","1","0","0","1","0","2"
"526484568720039936","1","1","0","0","1","0","2"
"526623518356963328","1","0","1","0","0","1","2"
"526657376091242496","1","0","1","0","0","1","2"
"526702845551468544","0","0","0","0","0","0","2"
"526785519959547904","1","1","0","0","1","0","2"
"527030659974701056","1","0","0","0","0","0","2"
"527073355061813248","0","0","0","0","0","0","2"
"527103103116783616","0","0","0","0","0","0","2"
"527122909522051073","0","0","0","0","0","0","2"
"527146417367031808","1","0","0","0","0","0","2"
"527153733613129728","0","0","0","0","0","0","2"
"527358890435166208","0","0","0","0","0","0","2"
"527411324561928194","1","1","0","0","1","0","2"
"527426371543662592","0","0","0","0","0","0","2"
"527467843491999745","0","0","0","0","0","0","2"
"527472157027475456","0","0","0","0","0","0","2"
"527486324925034498","1","0","1","0","0","1","2"
"527542788624506880","1","0","1","0","0","1","2"
"527600160017510400","1","1","0","0","1","0","2"
"527789344938270722","1","0","0","0","0","0","2"
"527846643845300224","1","1","0","0","1","0","2"
"528117336243314689","1","1","1","0","1","1","2"
"528129678515515392","1","0","1","1","1","0","2"
"528322120632524800","1","1","0","0","1","0","2"
"528336655208304640","0","0","0","0","0","0","2"
"528468061926338561","0","0","0","0","0","0","2"
"528487617159888897","0","0","0","0","0","0","2"
"528665945565564928","1","0","1","0","0","1","2"
"528675020575621120","0","0","0","0","0","0","2"
"528809296772235264","0","0","0","0","0","0","2"
"528835364711321600","0","0","0","0","0","0","2"
"528838393502117888","0","0","0","0","0","0","2"
"528930485406543872","1","0","1","0","0","1","2"
"528999775568662528","0","0","0","0","0","0","2"
"529185943195222016","1","0","0","0","0","0","2"
"529281126779867136","1","0","1","0","0","1","2"
"529331152759574530","1","0","1","0","0","1","2"
"529346365457833984","0","0","0","0","0","0","2"
"529566089609740288","0","0","0","0","0","0","2"
"529604055786852354","1","0","0","0","0","0","2"
"529662806921318401","0","0","0","0","0","0","2"
"529685427083833344","0","0","0","0","0","0","2"
"529782303224913920","1","0","0","0","0","0","2"
"529880123873689600","0","0","0","0","0","0","2"
"529904139321745408","0","0","0","0","0","0","2"
"529931861246889984","0","0","0","0","0","0","2"
"529959934667272192","1","0","1","1","0","0","2"
"529961479940755457","1","0","1","1","1","0","2"
"530019297704566784","0","0","0","0","0","0","2"
"530043753860726785","1","1","0","0","1","0","2"
"530066337566302208","1","0","1","0","0","1","2"
"530089545447256065","0","0","0","0","0","0","2"
"530106228832489472","0","0","0","0","0","0","2"
"530273456978685953","1","0","1","1","1","1","2"
"530665412577746944","0","0","0","0","0","0","2"
"530745823978881025","1","0","0","0","0","0","2"
"530755296482689024","0","0","0","0","0","0","2"
"530760009378840576","1","0","1","0","0","1","2"
"530772194138525696","1","0","0","0","0","0","2"
"530825631362453505","1","0","0","0","0","0","2"
"530832994857390080","1","0","0","0","0","0","2"
"530840754902798336","1","0","1","0","0","1","2"
"530986943321227264","1","0","1","0","0","1","2"
"531026596959105024","0","0","0","0","0","0","2"
"531034941266886656","0","0","0","0","0","0","2"
"531092007947874304","0","0","0","0","0","0","2"
"531128088940535808","1","0","1","0","0","1","2"
"531341096568504320","0","0","0","0","0","0","2"
"531356203440304128","1","0","0","0","0","0","2"
"531481394753462274","1","1","0","0","1","0","2"
"531560228815249408","0","0","0","0","0","0","2"
"531757813614538753","0","0","0","0","0","0","2"
"531759753845035008","0","0","0","0","0","0","2"
"531783872137408512","0","0","0","0","0","0","2"
"531816033053863937","1","1","1","0","1","1","2"
"531907887124463616","1","0","0","0","0","0","2"
"531928734123560960","0","0","0","0","0","0","2"
"532109019029073921","0","0","0","0","0","0","2"
"532225963393036288","1","1","0","0","1","0","2"
"532244420402622464","0","0","0","0","0","0","2"
"532253061272850432","1","0","1","1","0","1","2"
"532256677438164992","1","0","1","1","0","1","2"
"532271477262123008","0","0","0","0","0","0","2"
"532319881329274880","1","0","1","0","0","1","2"
"532323258864263168","0","0","0","0","0","0","2"
"532329857892352001","1","1","0","0","1","0","2"
"532450172941664257","0","0","0","0","0","0","2"
"507075789456961536","1","1","0","0","1","0","2"
"507080190225563648","1","0","0","0","0","0","2"
"507080671161233408","1","1","0","0","1","0","2"
"507082901813723136","0","0","0","0","0","0","2"
"507089154443075584","1","1","1","0","1","1","2"
"507091579228930048","0","0","0","0","0","0","2"
"507093537608175616","1","1","0","0","1","0","2"
"507093786133274624","1","0","1","1","1","0","2"
"507094892305465345","0","0","0","0","0","0","2"
"507096186944487424","0","0","0","0","0","0","2"
"507097922300039168","1","0","1","1","0","1","2"
"507098929905664001","0","0","0","0","0","0","2"
"507099964812832768","0","0","0","0","0","0","2"
"507100541852581888","1","0","1","1","0","0","2"
"507101735568306176","0","0","0","0","0","0","2"
"507104068012376064","0","0","0","0","0","0","2"
"507107517458305024","1","0","0","0","0","0","2"
"507107940307042304","0","0","0","0","0","0","2"
"507111554593357825","1","0","1","1","1","1","2"
"507112092768694272","0","0","0","0","0","0","2"
"507113317224427521","1","0","1","0","0","1","2"
"507113974819999744","0","0","0","0","0","0","2"
"507115291361288194","1","0","1","1","0","0","2"
"507120481854836737","0","0","0","0","0","0","2"
"507120714579996672","1","0","1","0","0","1","2"
"507128541457043456","0","0","0","0","0","0","2"
"507129879473967104","1","0","1","1","0","0","2"
"507134469426655232","1","0","1","0","0","1","2"
"507137555662667776","1","0","1","0","0","1","2"
"507138056483139584","1","0","1","1","0","1","2"
"507139931052183552","1","0","1","0","0","1","2"
"507140464580231168","0","0","0","0","0","0","2"
"507141648481284096","1","0","1","1","0","1","2"
"507143523804938241","1","0","1","1","1","0","2"
"507144451463327744","0","0","0","0","0","0","2"
"507146888932773889","1","1","0","1","1","1","2"
"507148615253770240","1","0","1","0","0","1","2"
"507150726897090560","0","0","0","0","0","0","2"
"507150953444048896","1","0","0","0","0","0","2"
"507151618266394624","1","1","1","0","1","1","2"
"507157122829017088","1","0","1","1","1","0","2"
"507166931141804032","0","0","0","0","0","0","2"
"507167588229869568","1","0","1","1","1","1","2"
"507169823051497472","1","0","1","0","0","1","2"
"507173214708326400","1","0","1","0","0","1","2"
"507173744104972288","0","0","0","0","0","0","2"
"507174240383021057","1","0","1","0","0","1","2"
"507180876716052481","1","0","1","0","0","1","2"
"507183529231650816","1","0","1","1","1","1","2"
"507185366127091712","1","0","1","1","0","0","2"
"507187295519531009","1","0","1","1","0","0","2"
"507190066414764032","0","0","0","0","0","0","2"
"507194142217494528","1","1","0","0","1","0","2"
"507194505037352960","1","0","1","0","0","1","2"
"507201259594858496","1","0","0","0","0","0","2"
"507202046081400832","1","0","1","0","0","1","2"
"507204028489428993","1","0","0","0","0","0","2"
"507205383518433280","0","0","0","0","0","0","2"
"507221404727930881","1","1","0","0","1","0","2"
"507222597562408960","1","0","1","1","0","0","2"
"507225214422228992","1","0","1","0","0","1","2"
"507236074301976577","1","1","0","0","1","0","2"
"507241858951835648","1","1","1","0","1","1","2"
"507243869235585024","1","0","1","0","0","1","2"
"507244957091233793","1","0","1","0","0","1","2"
"507251917576499200","1","0","0","0","0","0","2"
"507254085406711808","1","1","1","0","1","1","2"
"507261530736721920","1","0","1","1","0","1","2"
"507268735653412864","1","0","0","0","0","0","2"
"507271971995152384","1","0","1","0","0","1","2"
"507273010685149185","0","0","0","0","0","0","2"
"507282703876902912","1","1","0","1","1","0","2"
"507285297940668417","1","0","1","1","0","0","2"
"507286578021298176","1","0","1","0","0","1","2"
"507425941992538112","1","0","1","1","0","0","2"
"507429896339980290","0","0","0","0","0","0","2"
"507432937684738048","0","0","0","0","0","0","2"
"507436305781764096","1","0","1","0","0","1","2"
"507439610801430528","1","0","1","1","1","0","2"
"507440662900641792","1","1","1","0","1","1","2"
"507452301632884736","1","0","1","1","0","0","2"
"507462617531953152","1","0","1","0","0","1","2"
"507464981156474880","0","0","0","0","0","0","2"
"507465310598094848","1","0","0","0","0","0","2"
"507470978906329088","1","0","0","0","0","0","2"
"507479603787857920","1","1","1","0","1","1","2"
"507498912102363136","1","0","0","0","0","0","2"
"507501881695145984","1","1","0","0","1","0","2"
"507505237243199488","1","1","1","0","1","1","2"
"507516529517535233","0","0","0","0","0","0","2"
"507523715178176512","0","0","0","0","0","0","2"
"507524792950718464","1","0","0","0","0","0","2"
"507527020168085506","0","0","0","0","0","0","2"
"507532208270503936","1","0","1","0","0","1","2"
"507537356736311296","1","0","1","0","0","1","2"
"507554491840069632","1","0","1","0","0","1","2"
"507558913089474560","1","0","0","0","0","0","2"
"507570790964150272","1","0","1","1","0","1","2"
"507582552677167104","1","0","1","0","0","1","2"
"507590191817576448","0","0","0","0","0","0","2"
"507609749622251524","1","1","0","0","1","0","2"
"507614142573084672","1","0","1","1","1","0","2"
"507616279780290560","1","0","0","0","0","0","2"
"507621430654021633","1","0","0","0","0","0","2"
"507633141192740865","1","0","1","0","0","1","2"
"507666945542729728","0","0","0","0","0","0","2"
"507777787013648384","1","0","1","0","0","1","2"
"507803023100243968","1","0","1","0","0","1","2"
"507836799675535360","0","0","0","0","0","0","2"
"507839105418690561","1","1","0","0","1","0","2"
"507848926578216960","1","0","1","0","0","1","2"
"507868997845389312","0","0","0","0","0","0","2"
"507881639880699904","1","0","1","0","0","1","2"
"507885443338473472","0","0","0","0","0","0","2"
"507918696678178816","0","0","0","0","0","0","2"
"507922158912565248","1","1","0","0","1","0","2"
"507938929379921920","0","0","0","0","0","0","2"
"507948938478252032","1","0","1","0","0","1","2"
"507956163531776000","1","1","0","0","1","0","2"
"507983143266418689","0","0","0","0","0","0","2"
"508192713947500545","0","0","0","0","0","0","2"
"508267846552780801","1","0","1","0","0","1","2"
"508278333189394435","0","0","0","0","0","0","2"
"508302066998312961","1","0","1","0","0","1","2"
"508321285470830592","1","0","1","0","0","1","2"
"508551551561269249","1","0","1","0","0","1","2"
"508560322765266944","0","0","0","0","0","0","2"
"508623996313542657","1","0","0","0","0","0","2"
"508646088916885504","1","0","1","0","0","1","2"
"508690200965705728","1","0","1","0","0","1","2"
"508711902214881280","0","0","0","0","0","0","2"
"508869051595362304","1","0","1","0","0","1","2"
"508883124055707648","0","0","0","0","0","0","2"
"508890976828809216","0","0","0","0","0","0","2"
"508914637106978816","1","0","1","1","1","0","2"
"508927259743649792","1","0","1","0","0","1","2"
"508960751416246272","1","0","1","0","0","1","2"
"508973390049603584","1","0","1","1","0","1","2"
"509009280104947712","0","0","0","0","0","0","2"
"509063881185329152","1","0","1","0","0","1","2"
"509073661593399297","1","0","1","0","0","1","2"
"509121524562165760","1","0","1","0","0","1","2"
"509270699299459072","1","0","1","1","1","0","2"
"509281289749659649","1","0","1","0","0","1","2"
"509296296063410176","0","0","0","0","0","0","2"
"509333440786104320","1","0","1","0","0","1","2"
"509343376442130432","1","1","0","0","1","0","2"
"509354500893966336","0","0","0","0","0","0","2"
"509373753042931712","1","0","1","0","0","1","2"
"509439354784079873","1","0","0","0","0","0","2"
"509449641960550400","1","0","1","1","0","0","2"
"509634128686616578","1","0","0","0","0","0","2"
"509676287351590912","1","0","1","0","0","1","2"
"509686084922798080","1","1","0","0","1","0","2"
"509692073466167296","1","1","0","0","1","0","2"
"509705735937474560","1","0","1","1","0","0","2"
"509712824361570304","1","0","1","1","0","1","2"
"509831818229477376","1","0","1","1","0","1","2"
"509844647045521409","1","0","1","0","0","1","2"
"509894914323517440","0","0","0","0","0","0","2"
"509974794343698432","0","0","0","0","0","0","2"
"509987629463781376","0","0","0","0","0","0","2"
"510011465307525121","1","1","0","0","1","0","2"
"510016268792254464","1","0","1","0","0","1","2"
"510071119022678017","1","0","1","0","0","1","2"
"510165684845051904","1","1","0","0","1","0","2"
"510356346328608768","1","1","0","0","1","0","2"
"510483362419851264","1","0","1","0","0","1","2"
"510690822392922112","1","0","0","0","0","0","2"
"510779267303890944","1","0","1","0","0","1","2"
"510791117563265024","1","1","0","0","1","0","2"
"510901443772305408","0","0","0","0","0","0","2"
"511045234495852544","1","0","1","0","0","1","2"
"511098657052295168","1","0","0","0","0","0","2"
"511143247948042240","1","0","1","0","0","1","2"
"511196225153294337","1","0","0","0","0","0","2"
"511241358414467073","1","0","1","0","0","1","2"
"511377885584953344","1","0","0","0","0","0","2"
"511387003943137280","0","0","0","0","0","0","2"
"511388866155409409","1","1","0","0","1","0","2"
"511417500064825344","0","0","0","0","0","0","2"
"511424074162393088","1","0","1","0","0","1","2"
"511433003734536192","1","0","0","0","0","0","2"
"511439398609494016","1","0","1","0","0","1","2"
"511472052545785856","1","0","1","1","0","1","2"
"511472670584897536","1","0","0","0","0","0","2"
"511480257220980736","1","1","1","0","1","1","2"
"511483529587593216","0","0","0","0","0","0","2"
"511506838181781505","0","0","0","0","0","0","2"
"511550548060151808","1","0","0","0","0","0","2"
"511552869036982273","1","0","1","0","0","1","2"
"511569971004985344","0","0","0","0","0","0","2"
"511575573010079744","0","0","0","0","0","0","2"
"511578825118212096","0","0","0","0","0","0","2"
"511581358469447680","1","1","0","0","1","0","2"
"511594838496911360","1","1","0","0","1","0","2"
"511607493366398976","1","0","1","1","1","0","2"
"511627034297372672","1","0","1","1","0","0","2"
"511648495288455169","1","0","1","0","0","1","2"
"511802253104410624","0","0","0","0","0","0","2"
"511807331735453696","0","0","0","0","0","0","2"
"511815181262139392","1","0","1","0","0","1","2"
"511838994577903616","0","0","0","0","0","0","2"
"511845773915717633","0","0","0","0","0","0","2"
"511849077685108737","0","0","0","0","0","0","2"
"511856221444648960","1","0","1","0","0","1","2"
"511937105401237504","1","0","1","0","0","1","2"
"511949942832005120","1","0","1","0","0","1","2"
"512137525528645632","0","0","0","0","0","0","2"
"512145155861020672","0","0","0","0","0","0","2"
"512152970654662656","0","0","0","0","0","0","2"
"512163184900194304","0","0","0","0","0","0","2"
"512187681573703680","1","0","0","0","0","0","2"
"512195572020031488","0","0","0","0","0","0","2"
"512213797180678144","0","0","0","0","0","0","2"
"512220058962366464","0","0","0","0","0","0","2"
"512225128894455808","0","0","0","0","0","0","2"
"512240751770890240","0","0","0","0","0","0","2"
"512271652563189760","0","0","0","0","0","0","2"
"512274175030206464","1","0","0","0","0","0","2"
"512276140816621568","0","0","0","0","0","0","2"
"512334747763507200","1","1","0","0","1","0","2"
"512347134792712193","1","0","1","0","0","1","2"
"512521225055510528","1","0","1","0","0","1","2"
"512526208979189760","1","0","1","0","0","1","2"
"512535730040877056","1","0","1","0","0","1","2"
"512920231635738624","0","0","0","0","0","0","2"
"512942803153088512","0","0","0","0","0","0","2"
"513048564495564800","0","0","0","0","0","0","2"
"513225536181919744","1","0","1","0","0","1","2"
"513246738531246080","1","0","1","0","0","1","2"
"513316899015643136","1","0","1","0","0","1","2"
"513358757053870081","0","0","0","0","0","0","2"
"513364587077722114","1","1","0","0","1","0","2"
"513406905637937152","1","1","0","0","1","0","2"
"513605018361286656","0","0","0","0","0","0","2"
"513637619675439105","1","0","1","0","0","1","2"
"513772457698684928","0","0","0","0","0","0","2"
"514049335383064577","1","0","0","0","0","0","2"
"514070128817094656","0","0","0","0","0","0","2"
"514086629372608514","1","0","1","0","0","1","2"
"514126008254205952","1","0","1","0","0","1","2"
"514356503952637952","0","0","0","0","0","0","2"
"514367322153574400","1","0","1","1","0","1","2"
"514420499179638784","0","0","0","0","0","0","2"
"514431562373693443","1","0","1","0","0","1","2"
"514686127689973760","0","0","0","0","0","0","2"
"514797568136867840","0","0","0","0","0","0","2"
"514880527657353216","1","0","1","0","0","1","2"
"514894907946070017","1","1","0","0","1","0","2"
"515081170426798080","0","0","0","0","0","0","2"
"515128157931077632","1","1","0","0","1","0","2"
"515139175033880576","1","0","1","0","0","1","2"
"515187993309896704","1","0","1","0","0","1","2"
"515406605505269760","1","0","1","0","0","1","2"
"515524136425103360","1","0","1","0","0","1","2"
"515809453657300992","1","0","1","0","0","1","2"
"516206371721580544","0","0","0","0","0","0","2"
"516211612353851392","1","0","1","0","0","1","2"
"516252474366513152","1","0","1","1","0","0","2"
"516474198194401281","1","1","0","0","1","0","2"
"516495446437801984","1","0","1","0","0","1","2"
"516510725246705665","1","0","1","1","1","1","2"
"516524465917030400","0","0","0","0","0","0","2"
"516552131529437185","1","0","1","1","1","0","2"
"516582462001283073","1","0","0","0","0","0","2"
"516603631249162240","0","0","0","0","0","0","2"
"516701254668791808","1","0","1","0","0","1","2"
"516880919228317696","1","1","0","0","1","0","2"
"516937517338472448","0","0","0","0","0","0","2"
"517024465679814656","1","0","1","0","0","1","2"
"517207151862095872","1","0","1","1","0","1","2"
"517241954019442689","0","0","0","0","0","0","2"
"517397058870079489","1","0","1","1","1","1","2"
"517558152209125376","0","0","0","0","0","0","2"
"517685589056180224","1","1","0","0","1","0","2"
"517735829343850496","1","1","0","0","1","0","2"
"517746911281836032","1","0","1","0","0","1","2"
"517763475402403840","0","0","0","0","0","0","2"
"517800242595385345","0","0","0","0","0","0","2"
"517957279162052608","1","0","1","0","0","1","2"
"517997454407778304","1","0","1","0","0","1","2"
"518069624857165824","1","1","0","0","1","0","2"
"518084970448187392","1","0","1","0","0","1","2"
"518663798698545153","1","0","1","0","0","1","2"
"518755434505568256","1","0","1","0","0","1","2"
"518886132738953216","1","1","0","0","1","0","2"
"519083045148971008","0","0","0","0","0","0","2"
"519121020880715777","1","1","0","0","1","0","2"
"519133780666105856","0","0","0","0","0","0","2"
"519367538166480896","1","0","1","0","0","1","2"
"519392018662166528","0","0","0","0","0","0","2"
"519434251566325761","1","0","0","0","0","0","2"
"519456677448671233","1","0","1","1","0","0","2"
"519465673916162048","0","0","0","0","0","0","2"
"519472938559758337","0","0","0","0","0","0","2"
"519502821277048832","1","0","1","0","0","1","2"
"519507994988793858","0","0","0","0","0","0","2"
"519594950615261185","1","0","1","0","0","1","2"
"519620631986307072","1","0","0","0","0","0","2"
"519710430957019137","1","0","1","0","0","1","2"
"519798401119297536","0","0","0","0","0","0","2"
"519806284548550656","1","1","0","0","1","0","2"
"519809483053481984","0","0","0","0","0","0","2"
"519875046173859840","1","0","0","0","0","0","2"
"519900688697270273","0","0","0","0","0","0","2"
"519927736878772224","1","0","1","0","0","1","2"
"519950922206937090","1","1","0","0","1","0","2"
"520082436177539072","1","1","0","0","1","0","2"
"520110380975026177","0","0","0","0","0","0","2"
"520154407531724800","1","0","1","1","1","0","2"
"520185160558710784","1","1","0","0","1","0","2"
"520199882142121984","1","0","1","0","0","1","2"
"520224787634061312","1","0","1","0","0","1","2"
"520229632134508544","0","0","0","0","0","0","2"
"520237806283931648","1","0","1","0","0","1","2"
"520245428361510912","1","0","1","0","0","1","2"
"520335286497464322","1","0","0","0","0","0","2"
"520449570934120448","0","0","0","0","0","0","2"
"520472173811892225","1","0","1","0","0","1","2"
"520493055657668608","1","0","1","0","0","1","2"
"520493698954821633","0","0","0","0","0","0","2"
"520494857891377152","1","0","1","0","0","1","2"
"520496312660553729","1","0","1","0","0","1","2"
"520497862669783040","1","0","1","1","1","0","2"
"520498764478697472","0","0","0","0","0","0","2"
"520505332175732736","1","0","1","0","0","1","2"
"520508585319485440","0","0","0","0","0","0","2"
"520510344075440128","1","0","1","0","0","1","2"
"520522023521374208","0","0","0","0","0","0","2"
"520533336297467905","0","0","0","0","0","0","2"
"520549813193302016","1","1","0","0","1","0","2"
"520557214067462144","1","0","1","0","0","1","2"
"520559654888169473","1","0","1","0","0","1","2"
"520563373654958080","1","1","0","0","1","0","2"
"520588660689752064","1","0","1","0","0","1","2"
"520592284812054528","1","0","1","0","0","1","2"
"520593822506827776","1","0","1","0","0","1","2"
"520595935651725312","0","0","0","0","0","0","2"
"520634984848060416","0","0","0","0","0","0","2"
"520639501056880641","1","0","1","0","0","1","2"
"520657654151409664","1","1","0","0","1","0","2"
"520683510542385152","1","0","1","1","0","0","2"
"520893733584506880","0","0","0","0","0","0","2"
"520904413003923456","1","0","1","0","0","1","2"
"520930764536311808","1","1","1","0","1","1","2"
"520983568479444993","0","0","0","0","0","0","2"
"521000608179159040","0","0","0","0","0","0","2"
"521016004244422656","0","0","0","0","0","0","2"
"521221454986493952","1","0","1","1","0","0","2"
"521268764080627712","1","0","1","0","0","1","2"
"521591525873295360","0","0","0","0","0","0","2"
"521627101724565506","0","0","0","0","0","0","2"
"521631897097879552","0","0","0","0","0","0","2"
"521643542939045888","0","0","0","0","0","0","2"
"521663412716068866","0","0","0","0","0","0","2"
"521701412301185025","1","0","1","0","0","1","2"
"521712608643399681","1","0","0","0","0","0","2"
"521736600842022913","1","0","1","0","0","1","2"
"521905809207619585","1","0","1","1","1","0","2"
"521916185001353216","0","0","0","0","0","0","2"
"521934276942897152","1","0","0","0","0","0","2"
"521936408760840193","0","0","0","0","0","0","2"
"521936886764695552","0","0","0","0","0","0","2"
"521938897904087040","0","0","0","0","0","0","2"
"521939568225173505","0","0","0","0","0","0","2"
"521941055478849536","0","0","0","0","0","0","2"
"521958695047938049","1","0","0","0","0","0","2"
"522122564257476610","1","0","1","0","0","1","2"
"522183390385016832","1","1","0","0","1","0","2"
"522315083884797952","0","0","0","0","0","0","2"
"522316235615531008","1","0","1","1","0","1","2"
"522339710572978176","0","0","0","0","0","0","2"
"522373769143517186","1","0","1","0","0","1","2"
"522433727465791489","0","0","0","0","0","0","2"
"522440433507790848","1","0","1","1","0","1","2"
"522441581157416960","1","0","1","1","1","0","2"
"522515427088297985","1","0","1","0","0","1","2"
"522644706371842048","1","0","1","1","1","0","2"
"522672802038820864","1","0","0","0","0","0","2"
"522682207744557056","1","1","0","0","1","0","2"
"522701337499537408","0","0","0","0","0","0","2"
"522745984569606144","1","1","0","0","1","0","2"
"522748148700442624","1","0","1","1","1","0","2"
"522796599878361091","0","0","0","0","0","0","2"
"523043036956078080","1","0","1","0","0","1","2"
"523108450482790401","1","0","0","0","0","0","2"
"523154904207347713","1","0","1","0","0","1","2"
"523394887438598144","1","0","1","0","0","1","2"
"523399980690964480","1","0","0","0","0","0","2"
"523413475780231169","1","0","1","0","0","1","2"
"523545173696208896","1","0","1","0","0","1","2"
"523572673319014401","0","0","0","0","0","0","2"
"523615461800689664","1","0","1","0","0","1","2"
"523781705308856320","0","0","0","0","0","0","2"
"523788846472126464","1","0","1","0","0","1","2"
"523889476972847104","0","0","0","0","0","0","2"
"523929968980787200","1","0","1","1","0","1","2"
"523980706079576067","0","0","0","0","0","0","2"
"524090567966597120","0","0","0","0","0","0","2"
"524203152749637632","1","0","1","1","1","0","2"
"524217511869304833","1","1","1","0","1","1","2"
"524506695041822720","0","0","0","0","0","0","2"
"524509812756074496","0","0","0","0","0","0","2"
"524519836421197824","0","0","0","0","0","0","2"
"524610648739942400","1","0","1","0","0","1","2"
"524613228119068672","1","0","0","0","0","0","2"
"524645088929284096","1","0","1","0","0","1","2"
"524843055065485313","0","0","0","0","0","0","2"
"524854681601052672","1","0","1","1","0","0","2"
"524952136531333120","0","0","0","0","0","0","2"
"524990171012685825","1","0","0","0","0","0","2"
"525191501148864512","0","0","0","0","0","0","2"
"525302968363782144","0","0","0","0","0","0","2"
"525520619669295104","1","0","1","0","0","1","2"
"525576831182057472","0","0","0","0","0","0","2"
"525591080969199616","1","0","1","0","0","1","2"
"525658656516624384","0","0","0","0","0","0","2"
"525952422116855809","1","0","1","0","0","1","2"
"526025450070753280","1","0","1","1","0","0","2"
"526037243082059779","0","0","0","0","0","0","2"
"526102635817213952","1","1","0","0","1","0","2"
"526152703156965376","0","0","0","0","0","0","2"
"526329300694233088","1","0","1","0","0","1","2"
"526364645175476224","0","0","0","0","0","0","2"
"526383185022943232","1","0","0","0","0","0","2"
"526436829814620161","0","0","0","0","0","0","2"
"526648302516064256","1","0","1","1","0","1","2"
"526649726641655808","1","0","1","0","0","1","2"
"526660827592818688","1","1","0","0","1","0","2"
"526704865574404096","0","0","0","0","0","0","2"
"526780470558588929","0","0","0","0","0","0","2"
"526786673225760769","0","0","0","0","0","0","2"
"526824677424242688","1","0","1","0","0","1","2"
"526853333408292864","1","0","1","0","0","1","2"
"526940973973385216","1","1","0","0","1","0","2"
"527085115336589312","1","0","1","0","0","1","2"
"527128402344804352","1","1","0","0","1","0","2"
"527138959072432128","0","0","0","0","0","0","2"
"527348074860257280","0","0","0","0","0","0","2"
"527421009453146112","0","0","0","0","0","0","2"
"527426733461741568","0","0","0","0","0","0","2"
"527446443607330816","1","1","1","0","1","1","2"
"527459474080952324","0","0","0","0","0","0","2"
"527560704803758081","0","0","0","0","0","0","2"
"527724110202548224","1","0","1","0","0","1","2"
"527765260695269376","1","0","1","0","0","1","2"
"527799899564572672","1","0","0","0","0","0","2"
"527806764050546688","1","0","1","0","0","1","2"
"527848271239061504","1","0","0","0","0","0","2"
"528087996487057408","0","0","0","0","0","0","2"
"528105127706902530","1","0","1","1","1","1","2"
"528205931386241024","1","1","0","0","1","0","2"
"528238531890909185","1","0","1","0","0","1","2"
"528317271966748674","1","0","0","0","0","0","2"
"528466999664717824","1","0","0","0","0","0","2"
"528469133969850368","1","0","1","1","1","0","2"
"528470354889818112","1","0","1","1","1","1","2"
"528488944661704704","0","0","0","0","0","0","2"
"528566892647444483","1","0","1","0","0","1","2"
"528606210170580992","0","0","0","0","0","0","2"
"528652900797788161","1","0","1","0","0","1","2"
"528842270569922560","1","0","1","0","0","1","2"
"529021668493373440","1","0","1","0","0","1","2"
"529211293375672322","1","1","0","0","1","0","2"
"529249633382699008","1","1","0","0","1","0","2"
"529260489390698496","0","0","0","0","0","0","2"
"529264671136956416","0","0","0","0","0","0","2"
"529278406807277568","1","1","0","0","1","0","2"
"529541179772526592","0","0","0","0","0","0","2"
"529561841035661312","1","0","1","1","1","0","2"
"529575608435888128","1","0","1","1","0","1","2"
"529687321713836032","1","0","1","1","0","1","2"
"529702604583219201","0","0","0","0","0","0","2"
"529708446950903808","1","0","1","0","0","1","2"
"529725630527832064","1","0","1","1","1","0","2"
"529735353138429953","0","0","0","0","0","0","2"
"529802146951081985","0","0","0","0","0","0","2"
"529902165385814017","1","1","1","0","1","1","2"
"529922320752975872","1","0","1","1","0","0","2"
"529932179686821888","0","0","0","0","0","0","2"
"529935911682060288","1","1","0","0","1","0","2"
"529960275848757249","1","0","1","1","0","0","2"
"530015430480789504","1","0","1","0","0","1","2"
"530059685920247808","1","0","1","0","0","1","2"
"530125345387986944","0","0","0","0","0","0","2"
"530143827672051714","0","0","0","0","0","0","2"
"530408160025391104","1","0","0","0","0","0","2"
"530436383111147520","1","0","0","0","0","0","2"
"530687240159395841","1","0","0","0","0","0","2"
"530708256826867714","0","0","0","0","0","0","2"
"530742519848796160","0","0","0","0","0","0","2"
"530751952100261888","0","0","0","0","0","0","2"
"530761281863970816","0","0","0","0","0","0","2"
"530826083222818816","1","0","1","0","0","1","2"
"530871033943715841","0","0","0","0","0","0","2"
"531026005033754624","1","1","0","0","1","0","2"
"531032162913746945","0","0","0","0","0","0","2"
"531089042184871936","0","0","0","0","0","0","2"
"531220069616201728","0","0","0","0","0","0","2"
"531362214763307010","1","0","0","0","0","0","2"
"531393162309537792","1","1","0","0","1","0","2"
"531399241625661440","0","0","0","0","0","0","2"
"531406825552637952","1","0","1","0","0","1","2"
"531433054963638272","0","0","0","0","0","0","2"
"531486201287421953","0","0","0","0","0","0","2"
"531490285625573377","1","0","0","0","0","0","2"
"531497528488103936","1","0","1","0","0","1","2"
"531586985576898560","1","0","1","0","0","1","2"
"531761360112476160","0","0","0","0","0","0","2"
"531779246310436865","0","0","0","0","0","0","2"
"531799074350301184","0","0","0","0","0","0","2"
"531811302726193152","1","0","1","0","0","1","2"
"531852285329301505","1","1","0","0","1","0","2"
"531857091750027264","1","0","1","0","0","1","2"
"531860784742420481","1","1","0","0","1","0","2"
"532113908350611456","1","1","0","0","1","0","2"
"532137491353313280","1","0","1","1","0","0","2"
"532146681379586048","1","1","0","0","1","0","2"
"532156818961600512","1","0","0","0","0","0","2"
"532197056954515456","1","0","0","0","0","0","2"
"532322986834296832","0","0","0","0","0","0","2"
"550546102332981249","0","0","0","0","0","0","0"
"550634366091943936","1","1","0","0","1","0","0"
"550649113499680769","1","1","0","0","1","0","0"
"550931091457327104","1","0","1","0","0","1","0"
"550944600270327808","1","0","1","1","1","0","0"
"551059346101391360","1","1","0","0","1","0","0"
"551115370938269696","0","0","0","0","0","0","0"
"551325242967478272","1","1","0","1","1","0","0"
"551342537680900096","1","0","0","0","0","0","0"
"551438943028543488","1","0","1","0","0","1","0"
"551443867447619584","1","1","0","0","1","0","0"
"551503026788515840","1","0","1","0","0","1","0"
"551512418544001024","1","1","0","0","1","0","0"
"551544086893981696","1","1","0","0","1","0","0"
"551730737897287680","1","1","0","0","1","0","0"
"551768523618656256","1","0","1","1","0","0","0"
"551782169686056960","1","0","1","0","0","1","0"
"551804945205571586","1","1","0","0","1","0","0"
"551828879619653632","1","1","0","0","1","0","0"
"551889878762668033","1","0","0","0","0","0","0"
"552029094263922688","1","1","0","1","1","1","0"
"552106168123154433","1","0","1","0","0","1","0"
"552132753857458177","1","1","1","0","1","1","0"
"552155246596993024","0","0","0","0","0","0","0"
"552166249149784064","1","1","0","0","1","0","0"
"552173181742895104","0","0","0","0","0","0","0"
"552202932834562049","1","0","1","1","0","1","0"
"552263735075942400","1","0","1","1","0","1","0"
"552433082654281728","0","0","0","0","0","0","0"
"552560641526226946","1","1","0","0","1","0","0"
"552577258440126465","1","0","1","0","0","1","0"
"552583778858987520","1","1","1","0","1","1","0"
"552762583254859776","0","0","0","0","0","0","0"
"552804230176993280","1","0","0","0","0","0","0"
"552972481783685121","0","0","0","0","0","0","0"
"553198284161155073","0","0","0","0","0","0","0"
"553201360380764163","0","0","0","0","0","0","0"
"553325496013160449","1","0","1","1","1","0","0"
"553469966130094081","1","0","1","1","0","0","0"
"553545551472758785","1","0","1","1","1","0","0"
"553688240268779520","0","0","0","0","0","0","0"
"553896847748526080","0","0","0","0","0","0","0"
"554030241220673536","1","1","0","1","1","0","0"
"554287842344853504","1","0","1","0","0","1","0"
"554355331988725760","1","1","0","0","1","0","0"
"554396190750814208","1","0","1","1","1","0","0"
"554445585517117441","1","0","0","0","0","0","0"
"554581072126943233","0","0","0","0","0","0","0"
"554932011438452736","1","1","0","0","1","0","0"
"554938832635056128","1","0","1","0","0","1","0"
"554970940371906560","1","0","1","0","0","1","0"
"554991280384929793","1","0","0","0","0","0","0"
"554994088119115776","0","0","0","0","0","0","0"
"555068685866766338","0","0","0","0","0","0","0"
"555343886164688896","1","0","1","1","0","0","0"
"555350409943212032","1","0","1","1","1","1","0"
"555382350344105984","1","1","0","0","1","0","0"
"555434421088968705","0","0","0","0","0","0","0"
"555451918701838336","1","0","1","0","0","1","0"
"555657275956674560","0","0","0","0","0","0","0"
"555717416769323008","1","1","1","0","1","1","0"
"555725630856519680","1","0","1","1","0","0","0"
"555821420790681600","1","0","1","0","0","1","0"
"555975781588168704","1","0","0","0","0","0","0"
"561841955270041600","1","0","0","0","0","0","0"
"561849069052903424","0","0","0","0","0","0","0"
"561901786114846720","1","1","0","0","1","0","0"
"561958085313691648","1","0","0","0","0","0","0"
"562176343803035648","0","0","0","0","0","0","0"
"562231941035216896","1","0","1","0","0","1","0"
"562237204429557761","0","0","0","0","0","0","0"
"562326664198512640","1","0","1","1","0","1","0"
"562328644732071936","1","0","1","1","0","0","0"
"562332900100939776","1","0","1","1","0","1","0"
"562517471400591360","0","0","0","0","0","0","0"
"562638560478900227","0","0","0","0","0","0","0"
"562650411232792576","1","0","0","0","0","0","0"
"562664664799408129","1","0","1","1","0","0","0"
"562722068148813825","1","0","1","0","0","1","0"
"562792550239838209","0","0","0","0","0","0","0"
"562956253602000896","1","1","0","0","1","0","0"
"562989586495049728","1","0","1","0","0","1","0"
"562994794935644161","0","0","0","0","0","0","0"
"563277163114541056","1","1","0","0","1","0","0"
"563368462563942400","1","1","0","0","1","0","0"
"563399049383264256","1","0","1","1","1","0","0"
"563424904666972161","1","0","0","0","0","0","0"
"563612275958120448","0","0","0","0","0","0","0"
"563697462561759233","1","1","0","0","1","0","0"
"563754003881029632","1","0","0","0","0","0","0"
"563775131206836224","1","0","1","1","0","1","0"
"563817148607635457","0","0","0","0","0","0","0"
"563827682883141633","1","0","1","0","0","1","0"
"563839529900322816","1","0","1","0","0","1","0"
"563977368016920576","0","0","0","0","0","0","0"
"564022887620030464","1","1","1","0","1","1","0"
"564060511554121728","0","0","0","0","0","0","0"
"564092309009338368","1","1","0","0","1","0","0"
"564093163372310529","0","0","0","0","0","0","0"
"564140978777620480","1","1","0","0","1","0","0"
"564379094176247808","1","0","0","0","0","0","0"
"564414988006481922","1","0","0","0","0","0","0"
"564442732304015360","1","0","0","0","0","0","0"
"564509344432410624","1","0","0","0","0","0","0"
"564516626792738817","0","0","0","0","0","0","0"
"564537547389677568","1","0","1","1","0","0","0"
"564759094482178048","1","1","0","0","1","0","0"
"564864809649594369","1","1","0","0","1","0","0"
"564888717790560257","1","1","0","0","1","0","0"
"564943560311848961","1","0","1","0","0","1","0"
"565212494676131842","1","1","0","0","1","0","0"
"565241489119531008","1","0","0","0","0","0","0"
"565253476092243968","1","0","0","0","0","0","0"
"565281665912963074","0","0","0","0","0","0","0"
"565461792940654592","0","0","0","0","0","0","0"
"565461853342801920","0","0","0","0","0","0","0"
"565474938208149504","0","0","0","0","0","0","0"
"565516000922464257","1","1","0","0","1","0","0"
"565550074747703296","0","0","0","0","0","0","0"
"565605878444072963","0","0","0","0","0","0","0"
"565610364789075970","1","0","0","0","0","0","0"
"565747468177260544","1","1","0","0","1","0","0"
"565751874838888448","0","0","0","0","0","0","0"
"565790161083318272","1","1","0","0","1","0","0"
"565800882789687296","1","1","0","0","1","0","0"
"565850008684335105","0","0","0","0","0","0","0"
"565859951974055936","1","1","0","0","1","0","0"
"565880365865529345","1","1","1","0","1","1","0"
"565921975273803776","0","0","0","0","0","0","0"
"565999579393695744","1","0","0","0","0","0","0"
"566162398781136896","1","0","1","0","0","1","0"
"566218890276245504","1","0","1","0","0","1","0"
"566226472994865152","1","1","0","1","0","0","0"
"566330363187064832","1","1","0","0","1","0","0"
"566335432112476161","1","0","1","0","0","1","0"
"566492334402330625","1","0","0","0","0","0","0"
"566506105191550976","1","0","1","1","1","0","0"
"566545146112929793","1","0","1","0","0","1","0"
"566601274301628416","1","0","1","0","0","1","0"
"566640896717119488","1","1","0","0","1","0","0"
"566644601914929153","0","0","0","0","0","0","0"
"566700270772838400","0","0","0","0","0","0","0"
"566744407236694016","1","1","0","0","1","0","0"
"566883004833079296","1","0","1","0","0","1","0"
"566901589710233602","1","0","1","1","1","0","0"
"566936694168231936","1","0","0","0","0","0","0"
"566967031472607232","1","0","0","0","0","0","0"
"567052950204588034","1","0","1","0","0","1","0"
"567073703046180865","0","0","0","0","0","0","0"
"567092112920166401","1","0","1","0","0","1","0"
"567094081764196352","1","0","0","0","0","0","0"
"567107085046145024","0","0","0","0","0","0","0"
"567271005698424832","1","0","1","1","0","0","0"
"567275268558311424","1","0","0","0","0","0","0"
"567350167326560256","0","0","0","0","0","0","0"
"567388877804281856","1","1","0","1","1","1","0"
"567414371199250432","1","0","0","0","0","0","0"
"567439294382739458","1","0","1","0","0","1","0"
"567447657451651073","1","0","0","0","0","0","0"
"567541027037540352","0","0","0","0","0","0","0"
"567570464261017600","0","0","0","0","0","0","0"
"567634532414001152","0","0","0","0","0","0","0"
"567650128962793472","1","0","1","0","0","1","0"
"567662493972316160","1","0","1","0","0","1","0"
"567676445670277121","1","0","1","0","0","1","0"
"567692170308886528","0","0","0","0","0","0","0"
"567796581601406977","1","0","1","1","1","1","0"
"567806857805582338","0","0","0","0","0","0","0"
"567846391831199744","1","0","0","0","0","0","0"
"567866880423170050","0","0","0","0","0","0","0"
"567962637176311808","0","0","0","0","0","0","0"
"567967042709684224","1","1","0","0","1","0","0"
"568011139612876800","1","0","0","0","0","0","0"
"568033443860377601","1","0","1","1","1","1","0"
"568049223352107008","1","0","1","1","0","0","0"
"568064595815997440","0","0","0","0","0","0","0"
"568093110078607360","0","0","0","0","0","0","0"
"568101801108639744","0","0","0","0","0","0","0"
"568103386295480321","1","1","0","0","1","0","0"
"568110236441157633","0","0","0","0","0","0","0"
"568142494619308033","1","0","0","0","0","0","0"
"568372148957548544","0","0","0","0","0","0","0"
"568443053419188224","0","0","0","0","0","0","0"
"568478009767960576","1","1","0","1","0","1","0"
"568519737908412418","0","0","0","0","0","0","0"
"568535645620056064","0","0","0","0","0","0","0"
"568557462879645697","0","0","0","0","0","0","0"
"568574330520645632","1","1","0","0","1","0","0"
"568609281567637504","0","0","0","0","0","0","0"
"568774435404193792","1","0","1","0","0","1","0"
"568823199040991232","0","0","0","0","0","0","0"
"568834176214024192","0","0","0","0","0","0","0"
"568839375754280960","0","0","0","0","0","0","0"
"568843800623230976","1","1","0","0","1","0","0"
"568881932567748608","1","0","0","0","0","0","0"
"568926833032327168","0","0","0","0","0","0","0"
"569126746777387008","1","0","0","0","0","0","0"
"569211086777536512","1","0","0","0","0","0","0"
"569491253567602688","1","1","0","0","1","0","0"
"550650670911856640","1","0","0","0","0","0","3"
"550736247988453377","0","0","0","0","0","0","3"
"551504396945981440","1","1","0","0","1","0","3"
"551898543670448128","1","0","1","0","0","1","3"
"552116017955360768","0","0","0","0","0","0","3"
"552127185897541633","1","0","0","0","0","0","3"
"552594312249491457","1","0","1","0","0","1","3"
"552833882136264704","1","0","0","0","0","0","3"
"553619104431898627","1","0","0","0","0","0","3"
"553668125733179393","1","0","0","0","0","0","3"
"553930841630703616","1","0","0","0","0","0","3"
"553988707997724672","0","0","0","0","0","0","3"
"553998057734701056","1","0","0","0","0","0","3"
"554437672207667200","1","0","1","0","0","1","3"
"554588784910950400","1","1","1","0","1","1","3"
"555117374056431617","1","0","1","0","0","1","3"
"561668547777421312","0","0","0","0","0","0","3"
"561901881220694017","1","0","1","1","0","0","3"
"561949606716911616","1","1","0","0","1","0","3"
"562679456184426497","1","1","0","0","1","0","3"
"562695665449721856","0","0","0","0","0","0","3"
"562895425758572544","1","1","0","0","1","0","3"
"563218053731979264","1","1","0","0","1","0","3"
"563281896181096449","0","0","0","0","0","0","3"
"563429496435388416","1","0","0","0","0","0","3"
"563778463291965440","1","0","0","0","0","0","3"
"563811619483176961","1","1","0","0","1","0","3"
"564347294615494657","0","0","0","0","0","0","3"
"564415436507213824","0","0","0","0","0","0","3"
"564464129180991488","0","0","0","0","0","0","3"
"564475056353722373","1","0","0","0","0","0","3"
"564733846844108800","0","0","0","0","0","0","3"
"564770263615950848","1","0","1","1","0","0","3"
"564796945563398145","1","1","0","0","1","0","3"
"564799228514693120","1","0","0","0","0","0","3"
"564863235556671488","1","1","0","0","1","0","3"
"565209500316364800","1","0","1","1","0","0","3"
"565219168463908865","1","0","0","0","0","0","3"
"565257331135746050","1","0","0","0","0","0","3"
"565310352125329410","1","0","0","0","0","0","3"
"565457367081709568","0","0","0","0","0","0","3"
"565470087596236800","0","0","0","0","0","0","3"
"565632398944391171","1","1","0","1","1","0","3"
"565898362525081600","1","1","0","0","1","0","3"
"566350102160498689","1","0","0","0","0","0","3"
"566515005215236096","1","0","1","1","0","0","3"
"566721254137528320","1","1","0","0","1","0","3"
"566748151483469825","1","0","1","0","0","1","3"
"566759147723448320","0","0","0","0","0","0","3"
"566931070437040128","1","0","0","0","0","0","3"
"567376800003919872","1","0","1","1","1","0","3"
"567402379457617920","1","0","0","0","0","0","3"
"567419117712707585","1","0","1","0","0","1","3"
"567785841876299777","1","1","0","0","1","0","3"
"568143988890468352","1","0","1","0","0","1","3"
"568341568182202368","1","0","0","0","0","0","3"
"568497739891392512","1","1","0","1","0","1","3"
"568840415971045377","1","0","0","0","0","0","3"
"569048543211720704","1","0","1","1","0","0","3"
"569074446985773056","1","0","1","0","0","1","3"
"569170614872875008","0","0","0","0","0","0","3"
"569248679988744192","1","0","0","0","0","0","3"
"569271807334846465","1","1","0","0","1","0","3"
"569526376862257152","1","0","0","0","0","0","3"
"569896827857846272","1","0","1","0","0","1","3"
"570096998260600832","0","0","0","0","0","0","3"
"570218556194983936","0","0","0","0","0","0","3"
"570565767906910208","1","0","1","0","0","1","3"
"570583722485022720","0","0","0","0","0","0","3"
"570918303767650304","1","1","0","0","1","0","3"
"571200295298064384","0","0","0","0","0","0","3"
"571292942209581056","1","0","1","1","0","0","3"
"571339176207106048","1","1","0","0","1","0","3"
"571562614117040128","1","0","1","1","1","1","3"
"571618236627849216","0","0","0","0","0","0","3"
"571655611475091456","0","0","0","0","0","0","3"
"571902401826983936","0","0","0","0","0","0","3"
"571947735294873600","1","1","0","0","1","0","3"
"572401098021056512","1","1","1","0","1","1","3"
"572479204639543296","1","0","1","0","0","1","3"
"572828213916913665","1","0","1","0","0","1","3"
"572839290755006464","1","1","0","0","1","0","3"
"573444509767503872","0","0","0","0","0","0","3"
"573624011357360128","1","0","1","0","0","1","3"
"573753040605478913","1","1","0","0","1","0","3"
"573903920667488256","1","0","0","0","0","0","3"
"574067228309610496","0","0","0","0","0","0","3"
"574172805668978688","1","1","0","0","1","0","3"
"574349500476702720","1","1","1","0","1","1","3"
"574585331300765697","1","0","0","0","0","0","3"
"574676909616939008","0","0","0","0","0","0","3"
"574907511742033920","1","0","1","1","1","1","3"
"574924323900780545","0","0","0","0","0","0","3"
"575044762362847233","1","0","0","0","0","0","3"
"576268137995378688","1","0","0","0","0","0","3"
"576339030981349376","0","0","0","0","0","0","3"
"576389640967622656","1","1","0","0","1","0","3"
"576437782501015552","1","0","1","1","0","0","3"
"576740935238828032","1","1","1","0","1","1","3"
"577524242138423297","1","1","0","0","1","0","3"
"577611679409827840","1","0","1","0","0","1","3"
"578207980744798208","1","0","1","1","1","1","3"
"578210444000772096","0","0","0","0","0","0","3"
"578266879686492160","1","0","1","1","1","0","3"
"578923945652539392","0","0","0","0","0","0","3"
"578990348862636032","1","0","0","0","0","0","3"
"579013335921885184","1","1","0","0","1","0","3"
"579208444542074880","0","0","0","0","0","0","3"
"579688196205838336","1","0","1","1","1","0","3"
"579770497438781440","1","1","0","0","1","0","3"
"580249934202609664","1","1","0","0","1","0","3"
"580309978138996736","0","0","0","0","0","0","3"
"580809242820657153","1","1","0","0","1","0","3"
"580828215482146816","1","1","0","0","1","0","3"
"580837021557628928","1","0","0","0","0","0","3"
"581026606266773504","0","0","0","0","0","0","3"
"581131382891679744","1","1","0","0","1","0","3"
"581363159526699008","1","1","0","0","1","0","3"
"581565361805488128","1","0","1","0","0","1","3"
"582632888350408704","1","1","0","0","1","0","3"
"582654151529758721","1","0","0","0","0","0","3"
"582916637755576320","1","0","1","0","0","1","3"
"582953494514155520","0","0","0","0","0","0","3"
"583536373312987136","1","1","0","0","1","0","3"
"583922820775809024","1","0","0","0","0","0","3"
"583931753359929345","1","0","0","0","0","0","3"
"584010136563408896","1","1","0","0","1","0","3"
"585122114010816512","1","1","0","0","1","0","3"
"585837757953658881","1","0","1","1","1","1","3"
"585910301247348736","1","1","0","0","1","0","3"
"586206301744672768","1","0","0","0","0","0","3"
"587233555190652928","1","1","0","0","1","0","3"
"587338186940149760","1","1","0","0","1","0","3"
"587528526988992513","1","1","1","0","1","1","3"
"587553420678209536","1","0","1","1","1","0","3"
"588070313084194816","1","0","0","0","0","0","3"
"588075906398302209","1","0","1","0","0","1","3"
"588379071882510338","1","0","0","0","0","0","3"
"588609732283269121","0","0","0","0","0","0","3"
"589093150028795905","0","0","0","0","0","0","3"
"589317281647353856","1","0","1","1","0","1","3"
"589519570051977217","0","0","0","0","0","0","3"
"590076187118034945","1","1","1","0","1","1","3"
"590747169612812290","1","0","1","0","0","1","3"
"590774168750260224","1","0","0","0","0","0","3"
"591239298957053952","1","1","0","0","1","0","3"
"591492050387800065","1","1","0","0","1","0","3"
"591604658981994497","1","1","1","0","1","1","3"
"591839062555668481","0","0","0","0","0","0","3"
"593072690866491393","0","0","0","0","0","0","3"
"593319443549171713","0","0","0","0","0","0","3"
"594196766184087554","1","0","1","0","0","1","3"
"594221762893713409","1","0","0","0","0","0","3"
"594288946433003520","1","0","0","0","0","0","3"
"595210412947349504","1","0","1","0","0","1","3"
"595310840452149249","1","1","0","0","1","0","3"
"595620834028298241","0","0","0","0","0","0","3"
"596181699743981568","1","1","0","0","1","0","3"
"596272710675779585","0","0","0","0","0","0","3"
"596344569115082752","1","0","1","0","0","1","3"
"596686786136559616","1","1","0","0","1","0","3"
"596733211746643969","1","0","1","0","0","1","3"
"596792144876195840","1","1","0","0","1","0","3"
"597131405408239617","0","0","0","0","0","0","3"
"597343216644562944","1","0","0","0","0","0","3"
"597508400692461569","1","0","1","1","1","0","3"
"597834030504116225","1","1","0","1","1","1","3"
"598044497205960705","1","1","0","0","1","0","3"
"598079095990255616","1","0","1","1","0","0","3"
"598565776682024960","1","0","1","1","0","1","3"
"599591116615196673","1","0","1","0","0","1","3"
"600207180818677760","1","0","1","0","0","1","3"
"601064865659256832","1","1","0","0","1","0","3"
"601071129810309120","1","1","0","0","1","0","3"
"601668046277767168","0","0","0","0","0","0","3"
"601799721439666177","1","1","0","0","1","0","3"
"602769917897760768","0","0","0","0","0","0","3"
"602864500543459329","0","0","0","0","0","0","3"
"602874974135783425","0","0","0","0","0","0","3"
"602932772735361024","1","1","0","0","1","0","3"
"602964352421998592","1","1","0","0","1","0","3"
"603118653429649408","1","0","1","0","0","1","3"
"603151663927529472","1","0","0","0","0","0","3"
"603567722413203456","1","0","0","0","0","0","3"
"603606942095941632","1","0","1","1","0","0","3"
"604250752664604672","1","1","0","0","1","0","3"
"604679615945318400","0","0","0","0","0","0","3"
"604748990568103937","1","1","0","0","1","0","3"
"604917747642998784","1","1","0","0","1","0","3"
"605333198726414336","1","0","0","0","0","0","3"
"605512834697580545","1","1","0","0","1","0","3"
"606078101420933120","0","0","0","0","0","0","3"
"606097616473059328","1","1","0","0","1","0","3"
"614321846264197120","1","1","0","0","1","0","3"
"614455888393453568","1","0","0","0","0","0","3"
"614688329750192128","0","0","0","0","0","0","3"
"614845333542207488","0","0","0","0","0","0","3"
"615443853563305984","1","1","0","1","0","1","3"
"615553699104960512","0","0","0","0","0","0","3"
"615784427071762432","1","0","1","0","0","1","3"
"615857483278602240","1","0","0","0","0","0","3"
"615966355800653824","1","0","0","0","0","0","3"
"616535334797639680","0","0","0","0","0","0","3"
"616588068435439616","1","1","0","0","1","0","3"
"616933117350309888","0","0","0","0","0","0","3"
"617925482483482625","0","0","0","0","0","0","3"
"618163286689906690","1","0","0","0","0","0","3"
"618425633811628032","1","0","1","0","0","1","3"
"618786255803957250","1","0","1","0","0","1","3"
"619215260717850624","1","1","1","0","1","1","3"
"619255317247848448","0","0","0","0","0","0","3"
"619307835747385344","0","0","0","0","0","0","3"
"619467355501035520","0","0","0","0","0","0","3"
"619595802009300992","1","0","0","0","0","0","3"
"619666945638551552","1","1","0","0","1","0","3"
"619785384449474560","1","0","0","0","0","0","3"
"619831973163474945","1","1","0","0","1","0","3"
"620344943475863552","1","1","0","1","0","0","3"
"621660450749554688","1","0","0","0","0","0","3"
"621951828469620736","0","0","0","0","0","0","3"
"622334428442947584","1","1","0","0","1","0","3"
"622350912456146944","1","1","0","0","1","0","3"
"622541576682774528","1","1","0","0","1","0","3"
"622552172622966784","1","0","0","0","0","0","3"
"622891406072397824","1","1","0","0","1","0","3"
"623024062034522112","0","0","0","0","0","0","3"
"623174194734301188","0","0","0","0","0","0","3"
"623938402174541824","1","1","0","1","1","0","3"
"624190512996712449","1","1","0","0","1","0","3"
"624285282163163138","1","1","0","1","0","0","3"
"625675852664152064","1","0","0","0","0","0","3"
"625755351271522305","1","0","1","0","0","1","3"
"625952961445953536","0","0","0","0","0","0","3"
"626341292642054144","1","1","0","0","1","0","3"
"626726219892039680","1","0","0","0","0","0","3"
"627159725042442240","1","1","0","0","1","0","3"
"627880173879341056","1","1","0","0","1","0","3"
"628475736135962624","1","1","0","0","1","0","3"
"628620184270565376","1","0","1","0","0","1","3"
"628955797343576065","1","1","0","0","1","0","3"
"628975986281971713","1","0","1","1","0","0","3"
"629380650089345030","1","1","0","0","1","0","3"
"629937135563501568","1","0","0","0","0","0","3"
"630811373207826432","0","0","0","0","0","0","3"
"632466091973967872","1","1","0","0","1","0","3"
"633095320482783234","1","1","0","0","1","0","3"
"633395067592527872","1","1","0","0","1","0","3"
"633675343925260289","1","1","0","0","1","0","3"
"633683728674496513","1","1","0","0","1","0","3"
"633728125935984640","1","0","0","0","0","0","3"
"634442035458646016","1","0","0","0","0","0","3"
"634527917503041536","1","0","0","0","0","0","3"
"634745169842184192","1","1","0","0","1","0","3"
"634804868868345856","1","1","0","0","1","0","3"
"634900943667109889","1","1","0","0","1","0","3"
"635225335890616321","1","0","1","1","0","1","3"
"635227588605136896","1","0","0","0","0","0","3"
"635556729586085889","0","0","0","0","0","0","3"
"635723365471416320","1","0","0","0","0","0","3"
"636128242198556672","0","0","0","0","0","0","3"
"636502747433553920","1","0","0","0","0","0","3"
"636895704187805696","1","1","0","0","1","0","3"
"636905718440980480","1","0","0","0","0","0","3"
"636941666855841792","1","0","1","0","0","1","3"
"637177536687026176","1","0","1","0","0","1","3"
"637332468903743488","1","0","0","0","0","0","3"
"637664488444030976","0","0","0","0","0","0","3"
"638291873325543424","1","1","0","0","1","0","3"
"638389005533454337","0","0","0","0","0","0","3"
"638442896832630784","0","0","0","0","0","0","3"
"638642973832441856","0","0","0","0","0","0","3"
"638684853320450048","1","0","0","0","0","0","3"
"638684935784673281","0","0","0","0","0","0","3"
"638689042591145984","0","0","0","0","0","0","3"
"638889466879414272","1","1","0","0","1","0","3"
"638912639897370624","1","0","0","0","0","0","3"
"638992328544374784","1","1","0","0","1","0","3"
"639381508512464896","1","0","0","0","0","0","3"
"639481202999754752","1","1","0","0","1","0","3"
"640437018527440896","1","0","1","0","0","1","3"
"640538537641803776","1","0","0","0","0","0","3"
"640566126087380992","1","0","0","0","0","0","3"
"640594555188981760","1","1","0","1","1","1","3"
"640632983196696576","1","0","1","0","0","1","3"
"640959883257450496","1","0","1","0","0","1","3"
"641185062239797249","0","0","0","0","0","0","3"
"641902142496854016","1","0","1","0","0","1","3"
"642770894172094465","1","1","0","0","1","0","3"
"643144159520493568","1","0","0","0","0","0","3"
"643144924981014528","1","1","0","0","1","0","3"
"643349736867688448","1","1","0","0","1","0","3"
"643848441446178816","0","0","0","0","0","0","3"
"644031456810020864","1","1","0","0","1","0","3"
"645199554795687936","1","0","1","0","0","1","3"
"645201849885306880","1","0","0","0","0","0","3"
"645253829232078848","1","0","1","0","0","1","3"
"645372190645481472","0","0","0","0","0","0","3"
"645628412225265664","0","0","0","0","0","0","3"
"645919232367161344","1","1","1","0","1","1","3"
"648567080107790336","1","0","1","0","0","1","3"
"648595040999239680","1","1","0","0","1","0","3"
